zone,id
240,WORKORDER_AWRAF/0006_BEDFORD_EAGLENA
240,WORKORDER_AWRAF/0007_BEDFORD_EAGLENA
210,WORKORDER_AWRAV/0190_BEDFORD_EAGLENA
540,WORKORDER_AWRAF/0857_BEDFORD_EAGLENA
640,WORKORDER_AWRAF/0858_BEDFORD_EAGLENA
210,WORKORDER_AWRAF/0010_BEDFORD_EAGLENA
200,WORKORDER_AWRAV/0184_BEDFORD_EAGLENA
450,WORKORDER_AWRAF/0835_BEDFORD_EAGLENA
460,WORKORDER_AWRAF/0836_BEDFORD_EAGLENA
470,WORKORDER_AWRAF/0837_BEDFORD_EAGLENA
480,WORKORDER_AWRAF/0838_BEDFORD_EAGLENA
210,WORKORDER_AWRAV/0117_BEDFORD_EAGLENA
210,WORKORDER_AWRAV/0144_BEDFORD_EAGLENA
300,WORKORDER_AWRAF/1059_BEDFORD_EAGLENA
410,WORKORDER_AWRENG/0053_BEDFORD_EAGLENA
410,WORKORDER_AWRENG/0055_BEDFORD_EAGLENA
430,WORKORDER_AWRENG/0054_BEDFORD_EAGLENA
430,WORKORDER_AWRENG/0056_BEDFORD_EAGLENA
100,WORKORDER_AWRAF/1426_BEDFORD_EAGLENA
100,WORKORDER_AWRAF/1428_BEDFORD_EAGLENA
100,WORKORDER_AWRAF/1406_BEDFORD_EAGLENA
100,WORKORDER_AWRAF/1380_BEDFORD_EAGLENA
100,WORKORDER_AWRAF/1408_BEDFORD_EAGLENA
100,WORKORDER_AWRAV/0199_BEDFORD_EAGLENA
110,WORKORDER_AWRAF/1080_BEDFORD_EAGLENA
100,WORKORDER_AWRAF/1088_BEDFORD_EAGLENA
100,WORKORDER_AWRAF/1089_BEDFORD_EAGLENA
100,WORKORDER_AWRAF/1092_BEDFORD_EAGLENA
100,WORKORDER_AWRAF/1093_BEDFORD_EAGLENA
100,WORKORDER_AWRAF/1094_BEDFORD_EAGLENA
300,WORKORDER_AWRAF/1410_BEDFORD_EAGLENA
300,WORKORDER_AWRAF/1416_BEDFORD_EAGLENA
300,WORKORDER_AWRAF/1412_BEDFORD_EAGLENA
300,WORKORDER_AWRAF/1414_BEDFORD_EAGLENA
400,WORKORDER_AWRAF/1418_BEDFORD_EAGLENA
400,WORKORDER_AWRAF/1438_BEDFORD_EAGLENA
400,WORKORDER_AWRAF/1420_BEDFORD_EAGLENA
400,WORKORDER_AWRAF/1440_BEDFORD_EAGLENA
400,WORKORDER_AWRAF/1422_BEDFORD_EAGLENA
400,WORKORDER_AWRAF/1442_BEDFORD_EAGLENA
400,WORKORDER_AWRAF/1424_BEDFORD_EAGLENA
400,WORKORDER_AWRAF/1444_BEDFORD_EAGLENA
420,WORKORDER_AWRENG/0111_BEDFORD_EAGLENA
420,WORKORDER_AWRENG/0115_BEDFORD_EAGLENA
430,WORKORDER_AWRENG/0112_BEDFORD_EAGLENA
430,WORKORDER_AWRENG/0116_BEDFORD_EAGLENA
410,WORKORDER_AWRENG/0042_BEDFORD_EAGLENA
430,WORKORDER_AWRENG/0043_BEDFORD_EAGLENA
500,WORKORDER_AWRAF/1033_BEDFORD_EAGLENA
500,WORKORDER_AWRAF/1034_BEDFORD_EAGLENA
500,WORKORDER_AWRAF/1037_BEDFORD_EAGLENA
500,WORKORDER_AWRAF/1039_BEDFORD_EAGLENA
500,WORKORDER_AWRAF/1446_BEDFORD_EAGLENA
500,WORKORDER_AWRAF/1448_BEDFORD_EAGLENA
500,WORKORDER_AWRAF/1450_BEDFORD_EAGLENA
600,WORKORDER_AWRAF/1430_BEDFORD_EAGLENA
600,WORKORDER_AWRAF/1432_BEDFORD_EAGLENA
600,WORKORDER_AWRAF/1434_BEDFORD_EAGLENA
600,WORKORDER_AWRAF/1050_BEDFORD_EAGLENA
600,WORKORDER_AWRAF/1051_BEDFORD_EAGLENA
600,WORKORDER_AWRAF/1054_BEDFORD_EAGLENA
600,WORKORDER_AWRAF/1056_BEDFORD_EAGLENA
600,WORKORDER_AWRAF/1058_BEDFORD_EAGLENA
700,WORKORDER_AWRAF/1436_BEDFORD_EAGLENA
700,WORKORDER_AWRAF/1454_BEDFORD_EAGLENA
700,WORKORDER_AWRAF/1456_BEDFORD_EAGLENA
700,WORKORDER_AWRAF/1382_BEDFORD_EAGLENA
700,WORKORDER_AWRAF/1384_BEDFORD_EAGLENA
700,WORKORDER_AWRAF/1398_BEDFORD_EAGLENA
700,WORKORDER_AWRAF/1400_BEDFORD_EAGLENA
700,WORKORDER_AWRAV/0205_BEDFORD_EAGLENA
700,WORKORDER_AWRAV/0206_BEDFORD_EAGLENA
130,WORKORDER_AWRAF/0936_BEDFORD_EAGLENA
130,WORKORDER_AWRAF/0947_BEDFORD_EAGLENA
134,WORKORDER_AWRAF/1068_BEDFORD_EAGLENA
130,WORKORDER_AWRAF/1069_BEDFORD_EAGLENA
190,WORKORDER_AWRAF/1072_BEDFORD_EAGLENA
100,WORKORDER_AWRAF/1075_BEDFORD_EAGLENA
100,WORKORDER_AWRAF/1079_BEDFORD_EAGLENA
521,WORKORDER_AWRAF/0895_BEDFORD_EAGLENA
521,WORKORDER_AWRAF/0897_BEDFORD_EAGLENA
521,WORKORDER_AWRAF/0899_BEDFORD_EAGLENA
520,WORKORDER_AWRAF/0901_BEDFORD_EAGLENA
520,WORKORDER_AWRAF/0903_BEDFORD_EAGLENA
510,WORKORDER_AWRAF/0905_BEDFORD_EAGLENA
510,WORKORDER_AWRAF/0907_BEDFORD_EAGLENA
700,WORKORDER_AWRAF/0457_BEDFORD_EAGLENA
700,WORKORDER_AWRAF/1259_BEDFORD_EAGLENA
700,WORKORDER_AWRAF/1260_BEDFORD_EAGLENA
710,WORKORDER_AWRAF/0448_BEDFORD_EAGLENA
710,WORKORDER_AWRAF/0449_BEDFORD_EAGLENA
710,WORKORDER_AWRAF/0450_BEDFORD_EAGLENA
711,WORKORDER_AWRAF/0451_BEDFORD_EAGLENA
310,WORKORDER_AWRAF/0809_BEDFORD_EAGLENA
310,WORKORDER_AWRAF/0810_BEDFORD_EAGLENA
310,WORKORDER_AWRAF/0811_BEDFORD_EAGLENA
310,WORKORDER_AWRAF/0812_BEDFORD_EAGLENA
310,WORKORDER_AWRAF/0813_BEDFORD_EAGLENA
310,WORKORDER_AWRAF/0816_BEDFORD_EAGLENA
311,WORKORDER_AWRNDT/0001_BEDFORD_EAGLENA
470,WORKORDER_AWRAF/0833_BEDFORD_EAGLENA
430,WORKORDER_AWRENG/0027_BEDFORD_EAGLENA
430,WORKORDER_AWRENG/0031_BEDFORD_EAGLENA
430,WORKORDER_AWRENG/0046_BEDFORD_EAGLENA
430,WORKORDER_AWRENG/0050_BEDFORD_EAGLENA
434,WORKORDER_AWRENG/0059_BEDFORD_EAGLENA
434,WORKORDER_AWRENG/0062_BEDFORD_EAGLENA
510,WORKORDER_AWRAF/0909_BEDFORD_EAGLENA
510,WORKORDER_AWRAF/0911_BEDFORD_EAGLENA
511,WORKORDER_AWRAF/1208_BEDFORD_EAGLENA
512,WORKORDER_AWRAF/1210_BEDFORD_EAGLENA
534,WORKORDER_AWRAF/0388_BEDFORD_EAGLENA
534,WORKORDER_AWRAF/0390_BEDFORD_EAGLENA
580,WORKORDER_AWRAF/0922_BEDFORD_EAGLENA
710,WORKORDER_AWRAF/0453_BEDFORD_EAGLENA
710,WORKORDER_AWRAF/0664_BEDFORD_EAGLENA
710,WORKORDER_AWRAF/0669_BEDFORD_EAGLENA
711,WORKORDER_AWRAF/1258_BEDFORD_EAGLENA
730,WORKORDER_AWRAF/0426_BEDFORD_EAGLENA
730,WORKORDER_AWRAF/0430_BEDFORD_EAGLENA
730,WORKORDER_AWRAF/0432_BEDFORD_EAGLENA
312,WORKORDER_AWRNDT/0002_BEDFORD_EAGLENA
311,WORKORDER_AWRNDT/0006_BEDFORD_EAGLENA
312,WORKORDER_AWRNDT/0007_BEDFORD_EAGLENA
311,WORKORDER_AWRNDT/0012_BEDFORD_EAGLENA
312,WORKORDER_AWRNDT/0013_BEDFORD_EAGLENA
310,WORKORDER_AWRNDT/0014_BEDFORD_EAGLENA
310,WORKORDER_AWRNDT/0016_BEDFORD_EAGLENA
430,WORKORDER_AWRENG/0086_BEDFORD_EAGLENA
430,WORKORDER_AWRENG/0088_BEDFORD_EAGLENA
430,WORKORDER_AWRENG/0092_BEDFORD_EAGLENA
430,WORKORDER_AWRENG/0094_BEDFORD_EAGLENA
430,WORKORDER_AWRENG/0098_BEDFORD_EAGLENA
430,WORKORDER_AWRENG/0100_BEDFORD_EAGLENA
437,WORKORDER_AWRENG/0103_BEDFORD_EAGLENA
532,WORKORDER_AWRAF/1220_BEDFORD_EAGLENA
533,WORKORDER_AWRAF/1224_BEDFORD_EAGLENA
535,WORKORDER_AWRAF/1232_BEDFORD_EAGLENA
536,WORKORDER_AWRAF/1236_BEDFORD_EAGLENA
591,WORKORDER_AWRAF/1250_BEDFORD_EAGLENA
592,WORKORDER_AWRAF/1252_BEDFORD_EAGLENA
593,WORKORDER_AWRAF/1254_BEDFORD_EAGLENA
730,WORKORDER_AWRAF/0434_BEDFORD_EAGLENA
730,WORKORDER_AWRAF/0454_BEDFORD_EAGLENA
730,WORKORDER_AWRAF/0460_BEDFORD_EAGLENA
730,WORKORDER_AWRAF/0665_BEDFORD_EAGLENA
735,WORKORDER_AWRAF/1242_BEDFORD_EAGLENA
731,WORKORDER_AWRAF/1261_BEDFORD_EAGLENA
732,WORKORDER_AWRAF/1263_BEDFORD_EAGLENA
310,WORKORDER_AWRNDT/0017_BEDFORD_EAGLENA
310,WORKORDER_AWRAF/0844_BEDFORD_EAGLENA
310,WORKORDER_AWRAF/1163_BEDFORD_EAGLENA
310,WORKORDER_AWRAF/1164_BEDFORD_EAGLENA
313,WORKORDER_AWRAF/1165_BEDFORD_EAGLENA
315,WORKORDER_AWRAF/1166_BEDFORD_EAGLENA
319,WORKORDER_AWRAF/1168_BEDFORD_EAGLENA
438,WORKORDER_AWRENG/0104_BEDFORD_EAGLENA
437,WORKORDER_AWRENG/0107_BEDFORD_EAGLENA
438,WORKORDER_AWRENG/0108_BEDFORD_EAGLENA
437,WORKORDER_AWRENG/0119_BEDFORD_EAGLENA
438,WORKORDER_AWRENG/0120_BEDFORD_EAGLENA
437,WORKORDER_AWRENG/0123_BEDFORD_EAGLENA
438,WORKORDER_AWRENG/0124_BEDFORD_EAGLENA
600,WORKORDER_AWRAV/0070_BEDFORD_EAGLENA
600,WORKORDER_AWRAF/0291_BEDFORD_EAGLENA
600,WORKORDER_AWRAF/0298_BEDFORD_EAGLENA
600,WORKORDER_AWRAF/0318_BEDFORD_EAGLENA
600,WORKORDER_AWRAF/0324_BEDFORD_EAGLENA
600,WORKORDER_AWRAF/0362_BEDFORD_EAGLENA
600,WORKORDER_AWRAF/0365_BEDFORD_EAGLENA
733,WORKORDER_AWRAF/1265_BEDFORD_EAGLENA
734,WORKORDER_AWRAF/1267_BEDFORD_EAGLENA
735,WORKORDER_AWRAF/1269_BEDFORD_EAGLENA
740,WORKORDER_AWRAF/0427_BEDFORD_EAGLENA
740,WORKORDER_AWRAF/0431_BEDFORD_EAGLENA
740,WORKORDER_AWRAF/0433_BEDFORD_EAGLENA
740,WORKORDER_AWRAF/0435_BEDFORD_EAGLENA
410,WORKORDER_AWRAV/0021_BEDFORD_EAGLENA
450,WORKORDER_AWRAV/0024_BEDFORD_EAGLENA
410,WORKORDER_AWRENG/0003_BEDFORD_EAGLENA
450,WORKORDER_AWRAF/0415_BEDFORD_EAGLENA
410,WORKORDER_AWRENG/0018_BEDFORD_EAGLENA
450,WORKORDER_AWRAF/0819_BEDFORD_EAGLENA
450,WORKORDER_AWRAF/0823_BEDFORD_EAGLENA
437,WORKORDER_AWRENG/0127_BEDFORD_EAGLENA
438,WORKORDER_AWRENG/0128_BEDFORD_EAGLENA
437,WORKORDER_AWRENG/0131_BEDFORD_EAGLENA
438,WORKORDER_AWRENG/0132_BEDFORD_EAGLENA
437,WORKORDER_AWRENG/0135_BEDFORD_EAGLENA
438,WORKORDER_AWRENG/0136_BEDFORD_EAGLENA
430,WORKORDER_AWRENG/0139_BEDFORD_EAGLENA
600,WORKORDER_AWRAV/0136_BEDFORD_EAGLENA
600,WORKORDER_AWRAV/0139_BEDFORD_EAGLENA
600,WORKORDER_AWRAF/0370_BEDFORD_EAGLENA
600,WORKORDER_AWRAF/0860_BEDFORD_EAGLENA
600,WORKORDER_AWRAF/0874_BEDFORD_EAGLENA
600,WORKORDER_AWRAF/1203_BEDFORD_EAGLENA
600,WORKORDER_AWRAF/1205_BEDFORD_EAGLENA
740,WORKORDER_AWRAF/0455_BEDFORD_EAGLENA
740,WORKORDER_AWRAF/0461_BEDFORD_EAGLENA
740,WORKORDER_AWRAF/0666_BEDFORD_EAGLENA
745,WORKORDER_AWRAF/1243_BEDFORD_EAGLENA
741,WORKORDER_AWRAF/1262_BEDFORD_EAGLENA
742,WORKORDER_AWRAF/1264_BEDFORD_EAGLENA
743,WORKORDER_AWRAF/1266_BEDFORD_EAGLENA
410,WORKORDER_AWRAF/0827_BEDFORD_EAGLENA
450,WORKORDER_AWRAF/0831_BEDFORD_EAGLENA
410,WORKORDER_AWRENG/0025_BEDFORD_EAGLENA
410,WORKORDER_AWRENG/0029_BEDFORD_EAGLENA
410,WORKORDER_AWRENG/0037_BEDFORD_EAGLENA
410,WORKORDER_AWRENG/0044_BEDFORD_EAGLENA
410,WORKORDER_AWRENG/0048_BEDFORD_EAGLENA
430,WORKORDER_AWRENG/0152_BEDFORD_EAGLENA
430,WORKORDER_AWRENG/0154_BEDFORD_EAGLENA
430,WORKORDER_AWRENG/0158_BEDFORD_EAGLENA
430,WORKORDER_AWRENG/0162_BEDFORD_EAGLENA
430,WORKORDER_AWRENG/0167_BEDFORD_EAGLENA
470,WORKORDER_AWRAF/1183_BEDFORD_EAGLENA
470,WORKORDER_AWRAF/1187_BEDFORD_EAGLENA
600,WORKORDER_AWRAF/1207_BEDFORD_EAGLENA
621,WORKORDER_AWRAV/0027_BEDFORD_EAGLENA
621,WORKORDER_AWRAV/0029_BEDFORD_EAGLENA
622,WORKORDER_AWRAV/0031_BEDFORD_EAGLENA
623,WORKORDER_AWRAV/0033_BEDFORD_EAGLENA
621,WORKORDER_AWRAF/0020_BEDFORD_EAGLENA
610,WORKORDER_AWRAF/0320_BEDFORD_EAGLENA
744,WORKORDER_AWRAF/1268_BEDFORD_EAGLENA
745,WORKORDER_AWRAF/1270_BEDFORD_EAGLENA
260,WORKORDER_AWRAV/0091_BEDFORD_EAGLENA
200,WORKORDER_AWRAF/0242_BEDFORD_EAGLENA
750,WORKORDER_AWRAF/0419_BEDFORD_EAGLENA
750,WORKORDER_AWRAF/0421_BEDFORD_EAGLENA
750,WORKORDER_AWRAV/0163_BEDFORD_EAGLENA
410,WORKORDER_AWRENG/0065_BEDFORD_EAGLENA
410,WORKORDER_AWRENG/0069_BEDFORD_EAGLENA
410,WORKORDER_AWRENG/0078_BEDFORD_EAGLENA
410,WORKORDER_AWRENG/0080_BEDFORD_EAGLENA
410,WORKORDER_AWRENG/0082_BEDFORD_EAGLENA
410,WORKORDER_AWRENG/0137_BEDFORD_EAGLENA
410,WORKORDER_AWRENG/0150_BEDFORD_EAGLENA
470,WORKORDER_AWRAF/1191_BEDFORD_EAGLENA
470,WORKORDER_AWRAF/1195_BEDFORD_EAGLENA
470,WORKORDER_AWRAF/1201_BEDFORD_EAGLENA
348,WORKORDER_AWRENG/0172_BEDFORD_EAGLENA
480,WORKORDER_AWRAV/0025_BEDFORD_EAGLENA
440,WORKORDER_AWRENG/0006_BEDFORD_EAGLENA
480,WORKORDER_AWRENG/0013_BEDFORD_EAGLENA
620,WORKORDER_AWRAF/0322_BEDFORD_EAGLENA
622,WORKORDER_AWRAF/0382_BEDFORD_EAGLENA
640,WORKORDER_AWRAF/0862_BEDFORD_EAGLENA
640,WORKORDER_AWRAF/0864_BEDFORD_EAGLENA
640,WORKORDER_AWRAF/0866_BEDFORD_EAGLENA
640,WORKORDER_AWRAF/0868_BEDFORD_EAGLENA
640,WORKORDER_AWRAF/0870_BEDFORD_EAGLENA
200,WORKORDER_AWRCAB/0110_BEDFORD_EAGLENA
200,WORKORDER_AWRCAB/0111_BEDFORD_EAGLENA
200,WORKORDER_AWRCAB/0112_BEDFORD_EAGLENA
200,WORKORDER_AWRCAB/0113_BEDFORD_EAGLENA
200,WORKORDER_AWRCAB/0114_BEDFORD_EAGLENA
200,WORKORDER_AWRCAB/0115_BEDFORD_EAGLENA
200,WORKORDER_AWRCAB/0116_BEDFORD_EAGLENA
410,WORKORDER_AWRENG/0156_BEDFORD_EAGLENA
410,WORKORDER_AWRENG/0160_BEDFORD_EAGLENA
410,WORKORDER_AWRENG/0164_BEDFORD_EAGLENA
450,WORKORDER_AWRAF/1181_BEDFORD_EAGLENA
450,WORKORDER_AWRAF/1185_BEDFORD_EAGLENA
450,WORKORDER_AWRAF/1189_BEDFORD_EAGLENA
450,WORKORDER_AWRAF/1193_BEDFORD_EAGLENA
480,WORKORDER_AWRAF/0416_BEDFORD_EAGLENA
440,WORKORDER_AWRENG/0021_BEDFORD_EAGLENA
480,WORKORDER_AWRAF/0822_BEDFORD_EAGLENA
480,WORKORDER_AWRAF/0826_BEDFORD_EAGLENA
440,WORKORDER_AWRAF/0830_BEDFORD_EAGLENA
480,WORKORDER_AWRAF/0834_BEDFORD_EAGLENA
440,WORKORDER_AWRENG/0028_BEDFORD_EAGLENA
640,WORKORDER_AWRAF/0872_BEDFORD_EAGLENA
640,WORKORDER_AWRAF/0876_BEDFORD_EAGLENA
640,WORKORDER_AWRAF/0878_BEDFORD_EAGLENA
640,WORKORDER_AWRAF/0880_BEDFORD_EAGLENA
640,WORKORDER_AWRAF/0882_BEDFORD_EAGLENA
640,WORKORDER_AWRNDT/0025_BEDFORD_EAGLENA
621,WORKORDER_AWRAF/0890_BEDFORD_EAGLENA
200,WORKORDER_AWRCAB/0117_BEDFORD_EAGLENA
200,WORKORDER_AWRCAB/0118_BEDFORD_EAGLENA
200,WORKORDER_AWRCAB/0119_BEDFORD_EAGLENA
200,WORKORDER_AWRCAB/0120_BEDFORD_EAGLENA
200,WORKORDER_AWRCAB/0121_BEDFORD_EAGLENA
200,WORKORDER_AWRCAB/0122_BEDFORD_EAGLENA
200,WORKORDER_AWRCAB/0123_BEDFORD_EAGLENA
450,WORKORDER_AWRAF/1197_BEDFORD_EAGLENA
450,WORKORDER_AWRAF/1199_BEDFORD_EAGLENA
420,WORKORDER_AWRAV/0022_BEDFORD_EAGLENA
420,WORKORDER_AWRENG/0004_BEDFORD_EAGLENA
460,WORKORDER_AWRENG/0011_BEDFORD_EAGLENA
420,WORKORDER_AWRENG/0019_BEDFORD_EAGLENA
460,WORKORDER_AWRAF/0820_BEDFORD_EAGLENA
440,WORKORDER_AWRENG/0032_BEDFORD_EAGLENA
440,WORKORDER_AWRENG/0039_BEDFORD_EAGLENA
440,WORKORDER_AWRENG/0047_BEDFORD_EAGLENA
440,WORKORDER_AWRENG/0051_BEDFORD_EAGLENA
444,WORKORDER_AWRENG/0060_BEDFORD_EAGLENA
444,WORKORDER_AWRENG/0063_BEDFORD_EAGLENA
440,WORKORDER_AWRENG/0064_BEDFORD_EAGLENA
621,WORKORDER_AWRAF/0892_BEDFORD_EAGLENA
621,WORKORDER_AWRAF/0894_BEDFORD_EAGLENA
621,WORKORDER_AWRAF/0896_BEDFORD_EAGLENA
621,WORKORDER_AWRAF/0898_BEDFORD_EAGLENA
621,WORKORDER_AWRAF/0900_BEDFORD_EAGLENA
620,WORKORDER_AWRAF/0902_BEDFORD_EAGLENA
620,WORKORDER_AWRAF/0904_BEDFORD_EAGLENA
200,WORKORDER_AWRCAB/0124_BEDFORD_EAGLENA
200,WORKORDER_AWRCAB/0125_BEDFORD_EAGLENA
200,WORKORDER_AWRCAB/0157_BEDFORD_EAGLENA
320,WORKORDER_AWRAV/0014_BEDFORD_EAGLENA
320,WORKORDER_AWRAV/0015_BEDFORD_EAGLENA
320,WORKORDER_AWRAV/0016_BEDFORD_EAGLENA
320,WORKORDER_AWRAF/0808_BEDFORD_EAGLENA
460,WORKORDER_AWRAF/0824_BEDFORD_EAGLENA
420,WORKORDER_AWRAF/0828_BEDFORD_EAGLENA
460,WORKORDER_AWRAF/0832_BEDFORD_EAGLENA
460,WORKORDER_AWRENG/0024_BEDFORD_EAGLENA
460,WORKORDER_AWRAF/0839_BEDFORD_EAGLENA
420,WORKORDER_AWRENG/0026_BEDFORD_EAGLENA
420,WORKORDER_AWRENG/0030_BEDFORD_EAGLENA
440,WORKORDER_AWRENG/0066_BEDFORD_EAGLENA
440,WORKORDER_AWRENG/0067_BEDFORD_EAGLENA
440,WORKORDER_AWRENG/0068_BEDFORD_EAGLENA
440,WORKORDER_AWRENG/0070_BEDFORD_EAGLENA
440,WORKORDER_AWRENG/0073_BEDFORD_EAGLENA
447,WORKORDER_AWRENG/0074_BEDFORD_EAGLENA
448,WORKORDER_AWRENG/0075_BEDFORD_EAGLENA
610,WORKORDER_AWRAF/0906_BEDFORD_EAGLENA
610,WORKORDER_AWRAF/0908_BEDFORD_EAGLENA
610,WORKORDER_AWRAF/0910_BEDFORD_EAGLENA
610,WORKORDER_AWRAF/0912_BEDFORD_EAGLENA
611,WORKORDER_AWRAF/1209_BEDFORD_EAGLENA
612,WORKORDER_AWRAF/1211_BEDFORD_EAGLENA
621,WORKORDER_AWRAF/1213_BEDFORD_EAGLENA
320,WORKORDER_AWRAF/0841_BEDFORD_EAGLENA
323,WORKORDER_AWRAF/0849_BEDFORD_EAGLENA
325,WORKORDER_AWRAF/0850_BEDFORD_EAGLENA
325,WORKORDER_AWRAF/0851_BEDFORD_EAGLENA
323,WORKORDER_AWRAF/0852_BEDFORD_EAGLENA
320,WORKORDER_AWRAF/0853_BEDFORD_EAGLENA
323,WORKORDER_AWRAF/1169_BEDFORD_EAGLENA
420,WORKORDER_AWRENG/0038_BEDFORD_EAGLENA
420,WORKORDER_AWRENG/0040_BEDFORD_EAGLENA
420,WORKORDER_AWRENG/0041_BEDFORD_EAGLENA
420,WORKORDER_AWRENG/0045_BEDFORD_EAGLENA
420,WORKORDER_AWRENG/0049_BEDFORD_EAGLENA
424,WORKORDER_AWRENG/0058_BEDFORD_EAGLENA
424,WORKORDER_AWRENG/0061_BEDFORD_EAGLENA
447,WORKORDER_AWRENG/0076_BEDFORD_EAGLENA
448,WORKORDER_AWRENG/0077_BEDFORD_EAGLENA
440,WORKORDER_AWRENG/0079_BEDFORD_EAGLENA
440,WORKORDER_AWRENG/0081_BEDFORD_EAGLENA
440,WORKORDER_AWRENG/0083_BEDFORD_EAGLENA
440,WORKORDER_AWRENG/0140_BEDFORD_EAGLENA
440,WORKORDER_AWRENG/0153_BEDFORD_EAGLENA
622,WORKORDER_AWRAF/1215_BEDFORD_EAGLENA
623,WORKORDER_AWRAF/1217_BEDFORD_EAGLENA
634,WORKORDER_AWRAV/0035_BEDFORD_EAGLENA
671,WORKORDER_AWRAV/0037_BEDFORD_EAGLENA
673,WORKORDER_AWRAV/0040_BEDFORD_EAGLENA
674,WORKORDER_AWRAV/0042_BEDFORD_EAGLENA
675,WORKORDER_AWRAV/0044_BEDFORD_EAGLENA
700,WORKORDER_AWRAF/0458_BEDFORD_EAGLENA
210,WORKORDER_AWRAF/0114_BEDFORD_EAGLENA
210,WORKORDER_AWRAV/0108_BEDFORD_EAGLENA
270,WORKORDER_AWRAF/0232_BEDFORD_EAGLENA
290,WORKORDER_AWRAF/0233_BEDFORD_EAGLENA
210,WORKORDER_AWRAV/0109_BEDFORD_EAGLENA
210,WORKORDER_AWRAV/0118_BEDFORD_EAGLENA
575,WORKORDER_AWRAF/0255_BEDFORD_EAGLENA
660,WORKORDER_AWRAF/0294_BEDFORD_EAGLENA
210,WORKORDER_AWRAF/0306_BEDFORD_EAGLENA
210,WORKORDER_AWRAV/0123_BEDFORD_EAGLENA
210,WORKORDER_AWRAV/0124_BEDFORD_EAGLENA
210,WORKORDER_AWRAV/0125_BEDFORD_EAGLENA
210,WORKORDER_AWRAV/0126_BEDFORD_EAGLENA
210,WORKORDER_AWRAV/0128_BEDFORD_EAGLENA
675,WORKORDER_AWRAF/0256_BEDFORD_EAGLENA
590,WORKORDER_AWRAF/0259_BEDFORD_EAGLENA
690,WORKORDER_AWRAF/0260_BEDFORD_EAGLENA
210,WORKORDER_AWRAF/0262_BEDFORD_EAGLENA
320,WORKORDER_AWRAF/0265_BEDFORD_EAGLENA
325,WORKORDER_AWRAF/0266_BEDFORD_EAGLENA
336,WORKORDER_AWRAF/0267_BEDFORD_EAGLENA
346,WORKORDER_AWRAF/0268_BEDFORD_EAGLENA
336,WORKORDER_AWRAF/0271_BEDFORD_EAGLENA
346,WORKORDER_AWRAF/0272_BEDFORD_EAGLENA
336,WORKORDER_AWRAF/0273_BEDFORD_EAGLENA
346,WORKORDER_AWRAF/0274_BEDFORD_EAGLENA
210,WORKORDER_AWRAF/0284_BEDFORD_EAGLENA
560,WORKORDER_AWRAF/0293_BEDFORD_EAGLENA
210,WORKORDER_AWRAF/0470_BEDFORD_EAGLENA
200,WORKORDER_AWRAV/0045_BEDFORD_EAGLENA
130,WORKORDER_AWRAF/0011_BEDFORD_EAGLENA
210,WORKORDER_AWRAV/0046_BEDFORD_EAGLENA
210,WORKORDER_AWRAV/0047_BEDFORD_EAGLENA
210,WORKORDER_AWRAV/0048_BEDFORD_EAGLENA
210,WORKORDER_AWRAF/0014_BEDFORD_EAGLENA
210,WORKORDER_AWRAF/0015_BEDFORD_EAGLENA
210,WORKORDER_AWRAV/0050_BEDFORD_EAGLENA
210,WORKORDER_AWRAF/0022_BEDFORD_EAGLENA
210,WORKORDER_AWRAV/0051_BEDFORD_EAGLENA
210,WORKORDER_AWRAV/0075_BEDFORD_EAGLENA
210,WORKORDER_AWRAV/0083_BEDFORD_EAGLENA
210,WORKORDER_AWRAV/0084_BEDFORD_EAGLENA
210,WORKORDER_AWRAV/0085_BEDFORD_EAGLENA
531,WORKORDER_AWRAV/0087_BEDFORD_EAGLENA
210,WORKORDER_AWRAV/0088_BEDFORD_EAGLENA
210,WORKORDER_AWRAV/0092_BEDFORD_EAGLENA
210,WORKORDER_AWRAV/0096_BEDFORD_EAGLENA
210,WORKORDER_AWRAV/0097_BEDFORD_EAGLENA
210,WORKORDER_AWRAF/0112_BEDFORD_EAGLENA
130,WORKORDER_AWRAF/0643_BEDFORD_EAGLENA
150,WORKORDER_AWRAF/0644_BEDFORD_EAGLENA
823,WORKORDER_AWRAF/0654_BEDFORD_EAGLENA
823,WORKORDER_AWRAF/0655_BEDFORD_EAGLENA
210,WORKORDER_AWRAF/0660_BEDFORD_EAGLENA
210,WORKORDER_AWRAF/0661_BEDFORD_EAGLENA
210,WORKORDER_AWRAF/0663_BEDFORD_EAGLENA
500,WORKORDER_AWRAF/0355_BEDFORD_EAGLENA
600,WORKORDER_AWRAF/0356_BEDFORD_EAGLENA
300,WORKORDER_AWRAF/0357_BEDFORD_EAGLENA
540,WORKORDER_AWRAF/0358_BEDFORD_EAGLENA
640,WORKORDER_AWRAF/0359_BEDFORD_EAGLENA
150,WORKORDER_AWRAF/0366_BEDFORD_EAGLENA
150,WORKORDER_AWRAF/0367_BEDFORD_EAGLENA
260,WORKORDER_AWRAV/0140_BEDFORD_EAGLENA
210,WORKORDER_AWRAV/0141_BEDFORD_EAGLENA
500,WORKORDER_AWRAV/0142_BEDFORD_EAGLENA
600,WORKORDER_AWRAV/0143_BEDFORD_EAGLENA
210,WORKORDER_AWRAF/0376_BEDFORD_EAGLENA
210,WORKORDER_AWRAV/0145_BEDFORD_EAGLENA
210,WORKORDER_AWRAV/0148_BEDFORD_EAGLENA
410,WORKORDER_AWRAF/0377_BEDFORD_EAGLENA
420,WORKORDER_AWRAF/0378_BEDFORD_EAGLENA
430,WORKORDER_AWRAF/0379_BEDFORD_EAGLENA
440,WORKORDER_AWRAF/0380_BEDFORD_EAGLENA
190,WORKORDER_AWRAF/0384_BEDFORD_EAGLENA
210,WORKORDER_AWRAF/0385_BEDFORD_EAGLENA
534,WORKORDER_AWRAF/0386_BEDFORD_EAGLENA
634,WORKORDER_AWRAF/0387_BEDFORD_EAGLENA
210,WORKORDER_AWRAV/0159_BEDFORD_EAGLENA
210,WORKORDER_AWRAF/0404_BEDFORD_EAGLENA
210,WORKORDER_AWRAF/0409_BEDFORD_EAGLENA
210,WORKORDER_AWRAV/0160_BEDFORD_EAGLENA
210,WORKORDER_AWRAF/0452_BEDFORD_EAGLENA
210,WORKORDER_AWRAF/0459_BEDFORD_EAGLENA
700,WORKORDER_AWRAF/0465_BEDFORD_EAGLENA
210,WORKORDER_AWRAF/0466_BEDFORD_EAGLENA
700,WORKORDER_AWRAF/0469_BEDFORD_EAGLENA
210,WORKORDER_AWRAV/0166_BEDFORD_EAGLENA
210,WORKORDER_AWRAV/0167_BEDFORD_EAGLENA
210,WORKORDER_AWRAV/0168_BEDFORD_EAGLENA
210,WORKORDER_AWRAV/0169_BEDFORD_EAGLENA
210,WORKORDER_AWRAV/0171_BEDFORD_EAGLENA
210,WORKORDER_AWRAV/0174_BEDFORD_EAGLENA
210,WORKORDER_AWRAV/0175_BEDFORD_EAGLENA
132,WORKORDER_AWRAF/0472_BEDFORD_EAGLENA
210,WORKORDER_AWRAF/0480_BEDFORD_EAGLENA
200,WORKORDER_AWRAV/0181_BEDFORD_EAGLENA
200,WORKORDER_AWRAV/0182_BEDFORD_EAGLENA
197,WORKORDER_AWRAV/0188_BEDFORD_EAGLENA
210,WORKORDER_AWRAV/0189_BEDFORD_EAGLENA
210,WORKORDER_AWRENG/0022_BEDFORD_EAGLENA
130,WORKORDER_AWRAF/0512_BEDFORD_EAGLENA
150,WORKORDER_AWRAF/0513_BEDFORD_EAGLENA
833,WORKORDER_AWRAF/0625_BEDFORD_EAGLENA
843,WORKORDER_AWRAF/0626_BEDFORD_EAGLENA
100,WORKORDER_AWRAF/1452_BEDFORD_EAGLENA
100,WORKORDER_AWRAF/1402_BEDFORD_EAGLENA
100,WORKORDER_AWRAF/1404_BEDFORD_EAGLENA
100,WORKORDER_AWRAF/0696_BEDFORD_EAGLENA
100,WORKORDER_AWRAF/0485_BEDFORD_EAGLENA
100,WORKORDER_AWRAF/0487_BEDFORD_EAGLENA
100,WORKORDER_AWRAF/0489_BEDFORD_EAGLENA
250,WORKORDER_AWRAF/0008_BEDFORD_EAGLENA
250,WORKORDER_AWRAF/0009_BEDFORD_EAGLENA
200,WORKORDER_AWRCAB/0058_BEDFORD_EAGLENA
230,WORKORDER_AWRCAB/0103_BEDFORD_EAGLENA
250,WORKORDER_AWRCAB/0104_BEDFORD_EAGLENA
250,WORKORDER_AWRAV/0186_BEDFORD_EAGLENA
200,WORKORDER_AWRCAB/0059_BEDFORD_EAGLENA
100,WORKORDER_AWRAF/0491_BEDFORD_EAGLENA
100,WORKORDER_AWRAF/0497_BEDFORD_EAGLENA
120,WORKORDER_AWRAV/0170_BEDFORD_EAGLENA
123,WORKORDER_AWRAV/0173_BEDFORD_EAGLENA
130,WORKORDER_AWRAF/0001_BEDFORD_EAGLENA
130,WORKORDER_AWRAF/0002_BEDFORD_EAGLENA
150,WORKORDER_AWRAV/0178_BEDFORD_EAGLENA
170,WORKORDER_AWRAF/0494_BEDFORD_EAGLENA
170,WORKORDER_AWRAF/0495_BEDFORD_EAGLENA
220,WORKORDER_AWRAF/0003_BEDFORD_EAGLENA
220,WORKORDER_AWRAF/0004_BEDFORD_EAGLENA
230,WORKORDER_AWRAF/0005_BEDFORD_EAGLENA
200,WORKORDER_AWRAF/30_BEDFORD_EAGLENA
200,WORKORDER_AWRAF/32_BEDFORD_EAGLENA
200,WORKORDER_AWRAF/329_BEDFORD_EAGLENA
200,WORKORDER_AWRCAB/153_BEDFORD_EAGLENA
200,WORKORDER_AWRCAB/155_BEDFORD_EAGLENA
200,WORKORDER_AWRCAB/157_BEDFORD_EAGLENA
200,WORKORDER_AWRCAB/16_BEDFORD_EAGLENA
200,WORKORDER_AWRCAB/160_BEDFORD_EAGLENA
200,WORKORDER_AWRCAB/162_BEDFORD_EAGLENA
200,WORKORDER_AWRCAB/164_BEDFORD_EAGLENA
200,WORKORDER_AWRAF/336_BEDFORD_EAGLENA
200,WORKORDER_AWRAF/338_BEDFORD_EAGLENA
200,WORKORDER_AWRAF/340_BEDFORD_EAGLENA
200,WORKORDER_AWRAF/342_BEDFORD_EAGLENA
200,WORKORDER_AWRAF/344_BEDFORD_EAGLENA
200,WORKORDER_AWRAF/346_BEDFORD_EAGLENA
200,WORKORDER_AWRAF/348_BEDFORD_EAGLENA
200,WORKORDER_AWRCAB/183_BEDFORD_EAGLENA
200,WORKORDER_AWRCAB/185_BEDFORD_EAGLENA
200,WORKORDER_AWRCAB/19_BEDFORD_EAGLENA
200,WORKORDER_AWRCAB/194_BEDFORD_EAGLENA
200,WORKORDER_AWRCAB/196_BEDFORD_EAGLENA
200,WORKORDER_AWRCAB/198_BEDFORD_EAGLENA
200,WORKORDER_AWRCAB/200_BEDFORD_EAGLENA
200,WORKORDER_AWRAF/331_BEDFORD_EAGLENA
200,WORKORDER_AWRAF/333_BEDFORD_EAGLENA
200,WORKORDER_AWRAF/335_BEDFORD_EAGLENA
200,WORKORDER_AWRAF/337_BEDFORD_EAGLENA
200,WORKORDER_AWRAF/339_BEDFORD_EAGLENA
200,WORKORDER_AWRAF/34_BEDFORD_EAGLENA
200,WORKORDER_AWRAF/341_BEDFORD_EAGLENA
200,WORKORDER_AWRCAB/166_BEDFORD_EAGLENA
200,WORKORDER_AWRCAB/168_BEDFORD_EAGLENA
200,WORKORDER_AWRCAB/170_BEDFORD_EAGLENA
200,WORKORDER_AWRCAB/172_BEDFORD_EAGLENA
200,WORKORDER_AWRCAB/174_BEDFORD_EAGLENA
200,WORKORDER_AWRCAB/176_BEDFORD_EAGLENA
200,WORKORDER_AWRCAB/178_BEDFORD_EAGLENA
200,WORKORDER_AWRAF/35_BEDFORD_EAGLENA
200,WORKORDER_AWRAF/350_BEDFORD_EAGLENA
200,WORKORDER_AWRAF/352_BEDFORD_EAGLENA
200,WORKORDER_AWRAF/354_BEDFORD_EAGLENA
200,WORKORDER_AWRAF/356_BEDFORD_EAGLENA
200,WORKORDER_AWRAF/37_BEDFORD_EAGLENA
200,WORKORDER_AWRAF/39_BEDFORD_EAGLENA
200,WORKORDER_AWRCAB/202_BEDFORD_EAGLENA
200,WORKORDER_AWRCAB/204_BEDFORD_EAGLENA
200,WORKORDER_AWRCAB/206_BEDFORD_EAGLENA
200,WORKORDER_AWRCAB/208_BEDFORD_EAGLENA
200,WORKORDER_AWRCAB/21_BEDFORD_EAGLENA
200,WORKORDER_AWRCAB/210_BEDFORD_EAGLENA
200,WORKORDER_AWRCAB/212_BEDFORD_EAGLENA
200,WORKORDER_AWRAF/343_BEDFORD_EAGLENA
200,WORKORDER_AWRAF/345_BEDFORD_EAGLENA
200,WORKORDER_AWRAF/347_BEDFORD_EAGLENA
200,WORKORDER_AWRAF/349_BEDFORD_EAGLENA
200,WORKORDER_AWRAF/351_BEDFORD_EAGLENA
200,WORKORDER_AWRAF/353_BEDFORD_EAGLENA
200,WORKORDER_AWRAF/355_BEDFORD_EAGLENA
200,WORKORDER_AWRCAB/18_BEDFORD_EAGLENA
200,WORKORDER_AWRCAB/180_BEDFORD_EAGLENA
200,WORKORDER_AWRCAB/182_BEDFORD_EAGLENA
200,WORKORDER_AWRCAB/184_BEDFORD_EAGLENA
200,WORKORDER_AWRCAB/186_BEDFORD_EAGLENA
200,WORKORDER_AWRCAB/195_BEDFORD_EAGLENA
200,WORKORDER_AWRCAB/197_BEDFORD_EAGLENA
200,WORKORDER_AWRAF/398_BEDFORD_EAGLENA
200,WORKORDER_AWRAF/400_BEDFORD_EAGLENA
200,WORKORDER_AWRAF/402_BEDFORD_EAGLENA
200,WORKORDER_AWRAF/404_BEDFORD_EAGLENA
200,WORKORDER_AWRAF/406_BEDFORD_EAGLENA
200,WORKORDER_AWRAF/408_BEDFORD_EAGLENA
200,WORKORDER_AWRAF/41_BEDFORD_EAGLENA
200,WORKORDER_AWRCAB/214_BEDFORD_EAGLENA
200,WORKORDER_AWRCAB/216_BEDFORD_EAGLENA
200,WORKORDER_AWRCAB/218_BEDFORD_EAGLENA
200,WORKORDER_AWRCAB/220_BEDFORD_EAGLENA
200,WORKORDER_AWRCAB/222_BEDFORD_EAGLENA
200,WORKORDER_AWRCAB/224_BEDFORD_EAGLENA
200,WORKORDER_AWRCAB/226_BEDFORD_EAGLENA
200,WORKORDER_AWRAF/357_BEDFORD_EAGLENA
200,WORKORDER_AWRAF/36_BEDFORD_EAGLENA
200,WORKORDER_AWRAF/38_BEDFORD_EAGLENA
200,WORKORDER_AWRAF/399_BEDFORD_EAGLENA
200,WORKORDER_AWRAF/40_BEDFORD_EAGLENA
200,WORKORDER_AWRAF/401_BEDFORD_EAGLENA
200,WORKORDER_AWRAF/403_BEDFORD_EAGLENA
200,WORKORDER_AWRCAB/199_BEDFORD_EAGLENA
200,WORKORDER_AWRCAB/2_BEDFORD_EAGLENA
200,WORKORDER_AWRCAB/20_BEDFORD_EAGLENA
200,WORKORDER_AWRCAB/201_BEDFORD_EAGLENA
200,WORKORDER_AWRCAB/203_BEDFORD_EAGLENA
200,WORKORDER_AWRCAB/205_BEDFORD_EAGLENA
200,WORKORDER_AWRCAB/207_BEDFORD_EAGLENA
200,WORKORDER_AWRAF/43_BEDFORD_EAGLENA
200,WORKORDER_AWRAF/45_BEDFORD_EAGLENA
200,WORKORDER_AWRAF/47_BEDFORD_EAGLENA
200,WORKORDER_AWRAF/49_BEDFORD_EAGLENA
200,WORKORDER_AWRAF/501_BEDFORD_EAGLENA
200,WORKORDER_AWRAF/51_BEDFORD_EAGLENA
200,WORKORDER_AWRAF/53_BEDFORD_EAGLENA
200,WORKORDER_AWRCAB/228_BEDFORD_EAGLENA
200,WORKORDER_AWRCAB/23_BEDFORD_EAGLENA
200,WORKORDER_AWRCAB/25_BEDFORD_EAGLENA
200,WORKORDER_AWRCAB/27_BEDFORD_EAGLENA
200,WORKORDER_AWRCAB/29_BEDFORD_EAGLENA
200,WORKORDER_AWRCAB/3_BEDFORD_EAGLENA
200,WORKORDER_AWRCAB/31_BEDFORD_EAGLENA
200,WORKORDER_AWRAF/405_BEDFORD_EAGLENA
200,WORKORDER_AWRAF/407_BEDFORD_EAGLENA
200,WORKORDER_AWRAF/409_BEDFORD_EAGLENA
200,WORKORDER_AWRAF/42_BEDFORD_EAGLENA
200,WORKORDER_AWRAF/44_BEDFORD_EAGLENA
200,WORKORDER_AWRAF/46_BEDFORD_EAGLENA
200,WORKORDER_AWRAF/48_BEDFORD_EAGLENA
200,WORKORDER_AWRCAB/209_BEDFORD_EAGLENA
200,WORKORDER_AWRCAB/211_BEDFORD_EAGLENA
200,WORKORDER_AWRCAB/213_BEDFORD_EAGLENA
200,WORKORDER_AWRCAB/215_BEDFORD_EAGLENA
200,WORKORDER_AWRCAB/217_BEDFORD_EAGLENA
200,WORKORDER_AWRCAB/219_BEDFORD_EAGLENA
200,WORKORDER_AWRCAB/22_BEDFORD_EAGLENA
200,WORKORDER_AWRAF/55_BEDFORD_EAGLENA
200,WORKORDER_AWRAF/57_BEDFORD_EAGLENA
200,WORKORDER_AWRAF/59_BEDFORD_EAGLENA
200,WORKORDER_AWRAF/61_BEDFORD_EAGLENA
200,WORKORDER_AWRAF/63_BEDFORD_EAGLENA
200,WORKORDER_AWRAF/65_BEDFORD_EAGLENA
200,WORKORDER_AWRAF/67_BEDFORD_EAGLENA
200,WORKORDER_AWRCAB/33_BEDFORD_EAGLENA
200,WORKORDER_AWRCAB/35_BEDFORD_EAGLENA
200,WORKORDER_AWRCAB/37_BEDFORD_EAGLENA
200,WORKORDER_AWRCAB/39_BEDFORD_EAGLENA
200,WORKORDER_AWRCAB/5_BEDFORD_EAGLENA
200,WORKORDER_AWRCAB/7_BEDFORD_EAGLENA
200,WORKORDER_AWRCAB/9_BEDFORD_EAGLENA
200,WORKORDER_AWRAF/50_BEDFORD_EAGLENA
200,WORKORDER_AWRAF/502_BEDFORD_EAGLENA
200,WORKORDER_AWRAF/52_BEDFORD_EAGLENA
200,WORKORDER_AWRAF/54_BEDFORD_EAGLENA
200,WORKORDER_AWRAF/56_BEDFORD_EAGLENA
200,WORKORDER_AWRAF/58_BEDFORD_EAGLENA
200,WORKORDER_AWRAF/60_BEDFORD_EAGLENA
200,WORKORDER_AWRCAB/221_BEDFORD_EAGLENA
200,WORKORDER_AWRCAB/223_BEDFORD_EAGLENA
200,WORKORDER_AWRCAB/225_BEDFORD_EAGLENA
200,WORKORDER_AWRCAB/227_BEDFORD_EAGLENA
200,WORKORDER_AWRCAB/2290_BEDFORD_EAGLENA
200,WORKORDER_AWRCAB/24_BEDFORD_EAGLENA
200,WORKORDER_AWRCAB/26_BEDFORD_EAGLENA
200,WORKORDER_AWRAF/69_BEDFORD_EAGLENA
200,WORKORDER_AWRAF/71_BEDFORD_EAGLENA
200,WORKORDER_AWRAF/73_BEDFORD_EAGLENA
200,WORKORDER_AWRAF/75_BEDFORD_EAGLENA
200,WORKORDER_AWRAF/77_BEDFORD_EAGLENA
200,WORKORDER_AWRAF/79_BEDFORD_EAGLENA
200,WORKORDER_AWRAF/81_BEDFORD_EAGLENA
200,WORKORDER_AWRCAB/0063_BEDFORD_EAGLENA
200,WORKORDER_AWRCAB/0064_BEDFORD_EAGLENA
200,WORKORDER_AWRCAB/0065_BEDFORD_EAGLENA
200,WORKORDER_AWRCAB/0066_BEDFORD_EAGLENA
200,WORKORDER_AWRCAB/0067_BEDFORD_EAGLENA
200,WORKORDER_AWRCAB/0068_BEDFORD_EAGLENA
200,WORKORDER_AWRCAB/0069_BEDFORD_EAGLENA
200,WORKORDER_AWRAF/62_BEDFORD_EAGLENA
200,WORKORDER_AWRAF/64_BEDFORD_EAGLENA
200,WORKORDER_AWRAF/66_BEDFORD_EAGLENA
200,WORKORDER_AWRAF/68_BEDFORD_EAGLENA
200,WORKORDER_AWRAF/70_BEDFORD_EAGLENA
200,WORKORDER_AWRAF/72_BEDFORD_EAGLENA
200,WORKORDER_AWRAF/74_BEDFORD_EAGLENA
200,WORKORDER_AWRCAB/28_BEDFORD_EAGLENA
200,WORKORDER_AWRCAB/30_BEDFORD_EAGLENA
200,WORKORDER_AWRCAB/32_BEDFORD_EAGLENA
200,WORKORDER_AWRCAB/34_BEDFORD_EAGLENA
200,WORKORDER_AWRCAB/36_BEDFORD_EAGLENA
200,WORKORDER_AWRCAB/38_BEDFORD_EAGLENA
200,WORKORDER_AWRCAB/4_BEDFORD_EAGLENA
200,WORKORDER_AWRAF/83_BEDFORD_EAGLENA
200,WORKORDER_AWRAF/85_BEDFORD_EAGLENA
200,WORKORDER_AWRAF/87_BEDFORD_EAGLENA
200,WORKORDER_AWRAF/89_BEDFORD_EAGLENA
200,WORKORDER_AWRAF/91_BEDFORD_EAGLENA
200,WORKORDER_AWRAF/93_BEDFORD_EAGLENA
200,WORKORDER_AWRAF/95_BEDFORD_EAGLENA
200,WORKORDER_AWRCAB/0070_BEDFORD_EAGLENA
200,WORKORDER_AWRCAB/0071_BEDFORD_EAGLENA
200,WORKORDER_AWRCAB/0072_BEDFORD_EAGLENA
200,WORKORDER_AWRCAB/0073_BEDFORD_EAGLENA
200,WORKORDER_AWRCAB/0074_BEDFORD_EAGLENA
200,WORKORDER_AWRCAB/0075_BEDFORD_EAGLENA
200,WORKORDER_AWRCAB/0076_BEDFORD_EAGLENA
200,WORKORDER_AWRAF/76_BEDFORD_EAGLENA
200,WORKORDER_AWRAF/78_BEDFORD_EAGLENA
200,WORKORDER_AWRAF/80_BEDFORD_EAGLENA
200,WORKORDER_AWRAF/82_BEDFORD_EAGLENA
200,WORKORDER_AWRAF/84_BEDFORD_EAGLENA
200,WORKORDER_AWRAF/86_BEDFORD_EAGLENA
200,WORKORDER_AWRAF/88_BEDFORD_EAGLENA
200,WORKORDER_AWRCAB/40_BEDFORD_EAGLENA
200,WORKORDER_AWRCAB/6_BEDFORD_EAGLENA
200,WORKORDER_AWRCAB/8_BEDFORD_EAGLENA
200,WORKORDER_AWRAF/1000_BEDFORD_EAGLENA
200,WORKORDER_AWRAF/1002_BEDFORD_EAGLENA
200,WORKORDER_AWRAF/1004_BEDFORD_EAGLENA
200,WORKORDER_AWRAF/1006_BEDFORD_EAGLENA
200,WORKORDER_AWRAF/952_BEDFORD_EAGLENA
200,WORKORDER_AWRAF/954_BEDFORD_EAGLENA
200,WORKORDER_AWRAF/97_BEDFORD_EAGLENA
200,WORKORDER_AWRAF/982_BEDFORD_EAGLENA
200,WORKORDER_AWRAF/984_BEDFORD_EAGLENA
200,WORKORDER_AWRAF/986_BEDFORD_EAGLENA
200,WORKORDER_AWRAF/988_BEDFORD_EAGLENA
200,WORKORDER_AWRCAB/0077_BEDFORD_EAGLENA
200,WORKORDER_AWRCAB/0105_BEDFORD_EAGLENA
200,WORKORDER_AWRCAB/0106_BEDFORD_EAGLENA
200,WORKORDER_AWRCAB/0107_BEDFORD_EAGLENA
200,WORKORDER_AWRCAB/0108_BEDFORD_EAGLENA
220,WORKORDER_AWRAV/0179_BEDFORD_EAGLENA
270,WORKORDER_AWRAV/0180_BEDFORD_EAGLENA
200,WORKORDER_AWRAF/90_BEDFORD_EAGLENA
200,WORKORDER_AWRAF/92_BEDFORD_EAGLENA
200,WORKORDER_AWRAF/94_BEDFORD_EAGLENA
200,WORKORDER_AWRAF/953_BEDFORD_EAGLENA
200,WORKORDER_AWRAF/955_BEDFORD_EAGLENA
200,WORKORDER_AWRAF/96_BEDFORD_EAGLENA
200,WORKORDER_AWRAF/98_BEDFORD_EAGLENA
200,WORKORDER_AWRAF/1008_BEDFORD_EAGLENA
200,WORKORDER_AWRAF/101_BEDFORD_EAGLENA
200,WORKORDER_AWRAF/1010_BEDFORD_EAGLENA
200,WORKORDER_AWRAF/1012_BEDFORD_EAGLENA
200,WORKORDER_AWRAF/1014_BEDFORD_EAGLENA
200,WORKORDER_AWRAF/1016_BEDFORD_EAGLENA
200,WORKORDER_AWRAF/1018_BEDFORD_EAGLENA
200,WORKORDER_AWRAF/99_BEDFORD_EAGLENA
200,WORKORDER_AWRAF/990_BEDFORD_EAGLENA
200,WORKORDER_AWRAF/992_BEDFORD_EAGLENA
200,WORKORDER_AWRAF/994_BEDFORD_EAGLENA
200,WORKORDER_AWRAF/996_BEDFORD_EAGLENA
200,WORKORDER_AWRAF/998_BEDFORD_EAGLENA
200,WORKORDER_AWRAV/106_BEDFORD_EAGLENA
200,WORKORDER_AWRAF/100_BEDFORD_EAGLENA
200,WORKORDER_AWRAF/1001_BEDFORD_EAGLENA
200,WORKORDER_AWRAF/1003_BEDFORD_EAGLENA
200,WORKORDER_AWRAF/1005_BEDFORD_EAGLENA
200,WORKORDER_AWRAF/1007_BEDFORD_EAGLENA
200,WORKORDER_AWRAF/1009_BEDFORD_EAGLENA
200,WORKORDER_AWRAF/1011_BEDFORD_EAGLENA
325,WORKORDER_AWRAF/1170_BEDFORD_EAGLENA
326,WORKORDER_AWRAF/1171_BEDFORD_EAGLENA
327,WORKORDER_AWRAF/1172_BEDFORD_EAGLENA
330,WORKORDER_AWRAV/0017_BEDFORD_EAGLENA
330,WORKORDER_AWRAV/0019_BEDFORD_EAGLENA
330,WORKORDER_AWRAF/0814_BEDFORD_EAGLENA
330,WORKORDER_AWRAF/0842_BEDFORD_EAGLENA
420,WORKORDER_AWRENG/0087_BEDFORD_EAGLENA
420,WORKORDER_AWRENG/0091_BEDFORD_EAGLENA
420,WORKORDER_AWRENG/0093_BEDFORD_EAGLENA
420,WORKORDER_AWRENG/0097_BEDFORD_EAGLENA
420,WORKORDER_AWRENG/0099_BEDFORD_EAGLENA
427,WORKORDER_AWRENG/0101_BEDFORD_EAGLENA
428,WORKORDER_AWRENG/0102_BEDFORD_EAGLENA
440,WORKORDER_AWRENG/0159_BEDFORD_EAGLENA
440,WORKORDER_AWRENG/0163_BEDFORD_EAGLENA
440,WORKORDER_AWRENG/0165_BEDFORD_EAGLENA
480,WORKORDER_AWRAF/1184_BEDFORD_EAGLENA
480,WORKORDER_AWRAF/1188_BEDFORD_EAGLENA
480,WORKORDER_AWRAF/1192_BEDFORD_EAGLENA
480,WORKORDER_AWRAF/1196_BEDFORD_EAGLENA
660,WORKORDER_AWRAF/0296_BEDFORD_EAGLENA
630,WORKORDER_AWRAF/0301_BEDFORD_EAGLENA
660,WORKORDER_AWRAF/0303_BEDFORD_EAGLENA
630,WORKORDER_AWRAF/0305_BEDFORD_EAGLENA
630,WORKORDER_AWRAF/0309_BEDFORD_EAGLENA
634,WORKORDER_AWRAF/0389_BEDFORD_EAGLENA
634,WORKORDER_AWRAF/0391_BEDFORD_EAGLENA
330,WORKORDER_AWRAF/0845_BEDFORD_EAGLENA
330,WORKORDER_AWRAF/0847_BEDFORD_EAGLENA
336,WORKORDER_AWRAF/1173_BEDFORD_EAGLENA
336,WORKORDER_AWRAF/1175_BEDFORD_EAGLENA
337,WORKORDER_AWRAF/1177_BEDFORD_EAGLENA
338,WORKORDER_AWRAF/1179_BEDFORD_EAGLENA
340,WORKORDER_AWRAV/0018_BEDFORD_EAGLENA
427,WORKORDER_AWRENG/0105_BEDFORD_EAGLENA
428,WORKORDER_AWRENG/0106_BEDFORD_EAGLENA
427,WORKORDER_AWRENG/0117_BEDFORD_EAGLENA
428,WORKORDER_AWRENG/0118_BEDFORD_EAGLENA
427,WORKORDER_AWRENG/0121_BEDFORD_EAGLENA
428,WORKORDER_AWRENG/0122_BEDFORD_EAGLENA
427,WORKORDER_AWRENG/0125_BEDFORD_EAGLENA
480,WORKORDER_AWRAF/1198_BEDFORD_EAGLENA
480,WORKORDER_AWRAF/1202_BEDFORD_EAGLENA
500,WORKORDER_AWRAV/0069_BEDFORD_EAGLENA
500,WORKORDER_AWRAF/0290_BEDFORD_EAGLENA
500,WORKORDER_AWRAF/0297_BEDFORD_EAGLENA
500,WORKORDER_AWRAF/0317_BEDFORD_EAGLENA
500,WORKORDER_AWRAF/0323_BEDFORD_EAGLENA
671,WORKORDER_AWRAF/0884_BEDFORD_EAGLENA
671,WORKORDER_AWRAF/0886_BEDFORD_EAGLENA
630,WORKORDER_AWRAF/0888_BEDFORD_EAGLENA
670,WORKORDER_AWRAF/0914_BEDFORD_EAGLENA
630,WORKORDER_AWRAF/0917_BEDFORD_EAGLENA
630,WORKORDER_AWRAF/0919_BEDFORD_EAGLENA
660,WORKORDER_AWRAF/0921_BEDFORD_EAGLENA
340,WORKORDER_AWRAV/0020_BEDFORD_EAGLENA
340,WORKORDER_AWRAF/0360_BEDFORD_EAGLENA
340,WORKORDER_AWRAF/0363_BEDFORD_EAGLENA
340,WORKORDER_AWRAF/0815_BEDFORD_EAGLENA
340,WORKORDER_AWRAF/0843_BEDFORD_EAGLENA
340,WORKORDER_AWRAF/0846_BEDFORD_EAGLENA
340,WORKORDER_AWRAF/0848_BEDFORD_EAGLENA
428,WORKORDER_AWRENG/0126_BEDFORD_EAGLENA
427,WORKORDER_AWRENG/0129_BEDFORD_EAGLENA
428,WORKORDER_AWRENG/0130_BEDFORD_EAGLENA
427,WORKORDER_AWRENG/0133_BEDFORD_EAGLENA
428,WORKORDER_AWRENG/0134_BEDFORD_EAGLENA
420,WORKORDER_AWRENG/0138_BEDFORD_EAGLENA
420,WORKORDER_AWRENG/0151_BEDFORD_EAGLENA
500,WORKORDER_AWRAF/0361_BEDFORD_EAGLENA
500,WORKORDER_AWRAF/0364_BEDFORD_EAGLENA
500,WORKORDER_AWRAV/0135_BEDFORD_EAGLENA
500,WORKORDER_AWRAV/0138_BEDFORD_EAGLENA
500,WORKORDER_AWRAF/0369_BEDFORD_EAGLENA
500,WORKORDER_AWRAF/0859_BEDFORD_EAGLENA
500,WORKORDER_AWRAF/0873_BEDFORD_EAGLENA
680,WORKORDER_AWRAF/0923_BEDFORD_EAGLENA
632,WORKORDER_AWRAF/1221_BEDFORD_EAGLENA
632,WORKORDER_AWRAF/1223_BEDFORD_EAGLENA
633,WORKORDER_AWRAF/1225_BEDFORD_EAGLENA
633,WORKORDER_AWRAF/1227_BEDFORD_EAGLENA
634,WORKORDER_AWRAF/1229_BEDFORD_EAGLENA
634,WORKORDER_AWRAF/1231_BEDFORD_EAGLENA
346,WORKORDER_AWRAF/1174_BEDFORD_EAGLENA
346,WORKORDER_AWRAF/1176_BEDFORD_EAGLENA
347,WORKORDER_AWRAF/1178_BEDFORD_EAGLENA
348,WORKORDER_AWRAF/1180_BEDFORD_EAGLENA
300,WORKORDER_AWRAV/0068_BEDFORD_EAGLENA
300,WORKORDER_AWRAF/0817_BEDFORD_EAGLENA
300,WORKORDER_AWRAF/1162_BEDFORD_EAGLENA
420,WORKORDER_AWRENG/0157_BEDFORD_EAGLENA
420,WORKORDER_AWRENG/0161_BEDFORD_EAGLENA
420,WORKORDER_AWRENG/0166_BEDFORD_EAGLENA
460,WORKORDER_AWRAF/1182_BEDFORD_EAGLENA
460,WORKORDER_AWRAF/1186_BEDFORD_EAGLENA
460,WORKORDER_AWRAF/1190_BEDFORD_EAGLENA
460,WORKORDER_AWRAF/1194_BEDFORD_EAGLENA
500,WORKORDER_AWRAF/1204_BEDFORD_EAGLENA
500,WORKORDER_AWRAF/1206_BEDFORD_EAGLENA
510,WORKORDER_AWRAF/0319_BEDFORD_EAGLENA
520,WORKORDER_AWRAF/0321_BEDFORD_EAGLENA
522,WORKORDER_AWRAF/0381_BEDFORD_EAGLENA
540,WORKORDER_AWRAF/0863_BEDFORD_EAGLENA
540,WORKORDER_AWRAF/0865_BEDFORD_EAGLENA
635,WORKORDER_AWRAF/1233_BEDFORD_EAGLENA
635,WORKORDER_AWRAF/1235_BEDFORD_EAGLENA
636,WORKORDER_AWRAF/1237_BEDFORD_EAGLENA
664,WORKORDER_AWRAF/1239_BEDFORD_EAGLENA
665,WORKORDER_AWRAF/1241_BEDFORD_EAGLENA
672,WORKORDER_AWRAF/1245_BEDFORD_EAGLENA
673,WORKORDER_AWRAF/1247_BEDFORD_EAGLENA
315,WORKORDER_AWRAV/0013_BEDFORD_EAGLENA
310,WORKORDER_AWRAF/0238_BEDFORD_EAGLENA
310,WORKORDER_AWRAF/0275_BEDFORD_EAGLENA
310,WORKORDER_AWRAF/0276_BEDFORD_EAGLENA
310,WORKORDER_AWRAF/0278_BEDFORD_EAGLENA
310,WORKORDER_AWRAF/0279_BEDFORD_EAGLENA
319,WORKORDER_AWRAV/0137_BEDFORD_EAGLENA
460,WORKORDER_AWRAF/1200_BEDFORD_EAGLENA
430,WORKORDER_AWRENG/0005_BEDFORD_EAGLENA
470,WORKORDER_AWRENG/0012_BEDFORD_EAGLENA
430,WORKORDER_AWRENG/0020_BEDFORD_EAGLENA
470,WORKORDER_AWRAF/0821_BEDFORD_EAGLENA
470,WORKORDER_AWRAF/0825_BEDFORD_EAGLENA
430,WORKORDER_AWRAF/0829_BEDFORD_EAGLENA
540,WORKORDER_AWRAF/0867_BEDFORD_EAGLENA
540,WORKORDER_AWRAF/0869_BEDFORD_EAGLENA
540,WORKORDER_AWRAF/0875_BEDFORD_EAGLENA
540,WORKORDER_AWRAF/0877_BEDFORD_EAGLENA
540,WORKORDER_AWRAF/0879_BEDFORD_EAGLENA
540,WORKORDER_AWRAF/0881_BEDFORD_EAGLENA
521,WORKORDER_AWRAF/0893_BEDFORD_EAGLENA
674,WORKORDER_AWRAF/1248_BEDFORD_EAGLENA
675,WORKORDER_AWRAF/1249_BEDFORD_EAGLENA
691,WORKORDER_AWRAF/1251_BEDFORD_EAGLENA
692,WORKORDER_AWRAF/1253_BEDFORD_EAGLENA
693,WORKORDER_AWRAF/1255_BEDFORD_EAGLENA
631,WORKORDER_AWRAF/1256_BEDFORD_EAGLENA
631,WORKORDER_AWRAF/1257_BEDFORD_EAGLENA
310,WORKORDER_AWRAF/0371_BEDFORD_EAGLENA
310,WORKORDER_AWRAF/0372_BEDFORD_EAGLENA
315,WORKORDER_AWRAF/0498_BEDFORD_EAGLENA
315,WORKORDER_AWRAF/0499_BEDFORD_EAGLENA
311,WORKORDER_AWRAF/0701_BEDFORD_EAGLENA
310,WORKORDER_AWRAF/0711_BEDFORD_EAGLENA
310,WORKORDER_AWRAF/0804_BEDFORD_EAGLENA
200,WORKORDER_AWRAF/0228_BEDFORD_EAGLENA
200,WORKORDER_AWRAF/0229_BEDFORD_EAGLENA
200,WORKORDER_AWRCAB/0126_BEDFORD_EAGLENA
200,WORKORDER_AWRAF/0230_BEDFORD_EAGLENA
200,WORKORDER_AWRAF/0239_BEDFORD_EAGLENA
200,WORKORDER_AWRAF/0240_BEDFORD_EAGLENA
200,WORKORDER_AWRAF/0241_BEDFORD_EAGLENA
262,WORKORDER_AWRAF/0682_BEDFORD_EAGLENA
260,WORKORDER_AWRAF/1158_BEDFORD_EAGLENA
270,WORKORDER_AWRAV/0010_BEDFORD_EAGLENA
270,WORKORDER_AWRAF/0115_BEDFORD_EAGLENA
270,WORKORDER_AWRCAB/0047_BEDFORD_EAGLENA
270,WORKORDER_AWRAF/0125_BEDFORD_EAGLENA
270,WORKORDER_AWRAF/0126_BEDFORD_EAGLENA
575,WORKORDER_AWRAV/0201_BEDFORD_EAGLENA
500,WORKORDER_AWRAF/1077_BEDFORD_EAGLENA
500,WORKORDER_AWRAV/0211_BEDFORD_EAGLENA
500,WORKORDER_AWRAF/1098_BEDFORD_EAGLENA
500,WORKORDER_AWRAF/1100_BEDFORD_EAGLENA
500,WORKORDER_AWRAF/1102_BEDFORD_EAGLENA
500,WORKORDER_AWRAF/1104_BEDFORD_EAGLENA
127,WORKORDER_AWRAF/1125_BEDFORD_EAGLENA
130,WORKORDER_AWRAF/0373_BEDFORD_EAGLENA
130,WORKORDER_AWRAF/0505_BEDFORD_EAGLENA
130,WORKORDER_AWRAF/0509_BEDFORD_EAGLENA
130,WORKORDER_AWRAF/0511_BEDFORD_EAGLENA
130,WORKORDER_AWRAF/0645_BEDFORD_EAGLENA
130,WORKORDER_AWRAF/0647_BEDFORD_EAGLENA
200,WORKORDER_AWRAF/0471_BEDFORD_EAGLENA
200,WORKORDER_AWRAF/0474_BEDFORD_EAGLENA
200,WORKORDER_AWRAF/0475_BEDFORD_EAGLENA
200,WORKORDER_AWRAF/0481_BEDFORD_EAGLENA
200,WORKORDER_AWRAF/0687_BEDFORD_EAGLENA
200,WORKORDER_AWRAF/0709_BEDFORD_EAGLENA
200,WORKORDER_AWRCAB/0060_BEDFORD_EAGLENA
270,WORKORDER_AWRAF/0127_BEDFORD_EAGLENA
270,WORKORDER_AWRAF/0178_BEDFORD_EAGLENA
270,WORKORDER_AWRAF/0179_BEDFORD_EAGLENA
270,WORKORDER_AWRAF/0722_BEDFORD_EAGLENA
270,WORKORDER_AWRAF/0728_BEDFORD_EAGLENA
270,WORKORDER_AWRAF/0733_BEDFORD_EAGLENA
270,WORKORDER_AWRAF/1159_BEDFORD_EAGLENA
500,WORKORDER_AWRAF/1105_BEDFORD_EAGLENA
500,WORKORDER_AWRAF/1107_BEDFORD_EAGLENA
500,WORKORDER_AWRAF/1109_BEDFORD_EAGLENA
500,WORKORDER_AWRAF/1110_BEDFORD_EAGLENA
500,WORKORDER_AWRAF/1331_BEDFORD_EAGLENA
500,WORKORDER_AWRAF/1332_BEDFORD_EAGLENA
500,WORKORDER_AWRAF/1334_BEDFORD_EAGLENA
130,WORKORDER_AWRAF/0674_BEDFORD_EAGLENA
133,WORKORDER_AWRAF/0679_BEDFORD_EAGLENA
134,WORKORDER_AWRAF/0680_BEDFORD_EAGLENA
130,WORKORDER_AWRAF/0697_BEDFORD_EAGLENA
130,WORKORDER_AWRAF/0713_BEDFORD_EAGLENA
130,WORKORDER_AWRAF/0714_BEDFORD_EAGLENA
130,WORKORDER_AWRAF/0715_BEDFORD_EAGLENA
200,WORKORDER_AWRCAB/0078_BEDFORD_EAGLENA
200,WORKORDER_AWRCAB/0079_BEDFORD_EAGLENA
200,WORKORDER_AWRCAB/0080_BEDFORD_EAGLENA
200,WORKORDER_AWRCAB/0081_BEDFORD_EAGLENA
200,WORKORDER_AWRCAB/0082_BEDFORD_EAGLENA
200,WORKORDER_AWRCAB/0083_BEDFORD_EAGLENA
200,WORKORDER_AWRCAB/0084_BEDFORD_EAGLENA
270,WORKORDER_AWRCAB/0096_BEDFORD_EAGLENA
270,WORKORDER_AWRCAB/0097_BEDFORD_EAGLENA
280,WORKORDER_AWRAV/0011_BEDFORD_EAGLENA
280,WORKORDER_AWRAF/0166_BEDFORD_EAGLENA
280,WORKORDER_AWRAF/0729_BEDFORD_EAGLENA
280,WORKORDER_AWRAF/0734_BEDFORD_EAGLENA
280,WORKORDER_AWRAF/0759_BEDFORD_EAGLENA
500,WORKORDER_AWRAF/1336_BEDFORD_EAGLENA
500,WORKORDER_AWRAF/1341_BEDFORD_EAGLENA
500,WORKORDER_AWRAF/1342_BEDFORD_EAGLENA
500,WORKORDER_AWRAF/1347_BEDFORD_EAGLENA
500,WORKORDER_AWRAV/226_BEDFORD_EAGLENA
571,WORKORDER_AWRAF/1355_BEDFORD_EAGLENA
500,WORKORDER_AWRSTR/9_BEDFORD_EAGLENA
130,WORKORDER_AWRAF/0723_BEDFORD_EAGLENA
130,WORKORDER_AWRAF/0742_BEDFORD_EAGLENA
130,WORKORDER_AWRAF/0743_BEDFORD_EAGLENA
130,WORKORDER_AWRAF/1126_BEDFORD_EAGLENA
130,WORKORDER_AWRAF/1127_BEDFORD_EAGLENA
130,WORKORDER_AWRAF/1128_BEDFORD_EAGLENA
130,WORKORDER_AWRAF/1129_BEDFORD_EAGLENA
200,WORKORDER_AWRCAB/0085_BEDFORD_EAGLENA
200,WORKORDER_AWRCAB/0086_BEDFORD_EAGLENA
200,WORKORDER_AWRCAB/0087_BEDFORD_EAGLENA
200,WORKORDER_AWRCAB/0088_BEDFORD_EAGLENA
200,WORKORDER_AWRCAB/0089_BEDFORD_EAGLENA
200,WORKORDER_AWRCAB/0090_BEDFORD_EAGLENA
200,WORKORDER_AWRCAB/0091_BEDFORD_EAGLENA
280,WORKORDER_AWRAF/1160_BEDFORD_EAGLENA
290,WORKORDER_AWRAV/0012_BEDFORD_EAGLENA
290,WORKORDER_AWRAF/0132_BEDFORD_EAGLENA
290,WORKORDER_AWRAF/0133_BEDFORD_EAGLENA
290,WORKORDER_AWRAF/0134_BEDFORD_EAGLENA
290,WORKORDER_AWRAF/0135_BEDFORD_EAGLENA
290,WORKORDER_AWRAF/0136_BEDFORD_EAGLENA
500,WORKORDER_AWRAF/1357_BEDFORD_EAGLENA
500,WORKORDER_AWRAF/1359_BEDFORD_EAGLENA
500,WORKORDER_AWRAF/1361_BEDFORD_EAGLENA
500,WORKORDER_AWRAF/1363_BEDFORD_EAGLENA
500,WORKORDER_AWRAF/1365_BEDFORD_EAGLENA
500,WORKORDER_AWRAF/1366_BEDFORD_EAGLENA
500,WORKORDER_AWRSTR/11_BEDFORD_EAGLENA
140,WORKORDER_AWRAF/0012_BEDFORD_EAGLENA
140,WORKORDER_AWRAF/0013_BEDFORD_EAGLENA
140,WORKORDER_AWRAF/0307_BEDFORD_EAGLENA
140,WORKORDER_AWRAF/0712_BEDFORD_EAGLENA
143,WORKORDER_AWRAF/0746_BEDFORD_EAGLENA
144,WORKORDER_AWRAF/0747_BEDFORD_EAGLENA
145,WORKORDER_AWRAF/0748_BEDFORD_EAGLENA
200,WORKORDER_AWRCAB/0092_BEDFORD_EAGLENA
200,WORKORDER_AWRCAB/0093_BEDFORD_EAGLENA
200,WORKORDER_AWRCAB/0094_BEDFORD_EAGLENA
200,WORKORDER_AWRCAB/0095_BEDFORD_EAGLENA
200,WORKORDER_AWRAF/0224_BEDFORD_EAGLENA
200,WORKORDER_AWRAV/0185_BEDFORD_EAGLENA
200,WORKORDER_AWRAV/0187_BEDFORD_EAGLENA
290,WORKORDER_AWRAF/0137_BEDFORD_EAGLENA
290,WORKORDER_AWRAF/0170_BEDFORD_EAGLENA
290,WORKORDER_AWRAF/0171_BEDFORD_EAGLENA
290,WORKORDER_AWRAF/0172_BEDFORD_EAGLENA
290,WORKORDER_AWRAF/0173_BEDFORD_EAGLENA
290,WORKORDER_AWRAF/0730_BEDFORD_EAGLENA
290,WORKORDER_AWRAF/0796_BEDFORD_EAGLENA
532,WORKORDER_AWRSTR/13_BEDFORD_EAGLENA
533,WORKORDER_AWRSTR/15_BEDFORD_EAGLENA
532,WORKORDER_AWRSTR/17_BEDFORD_EAGLENA
500,WORKORDER_AWRSTR/19_BEDFORD_EAGLENA
500,WORKORDER_AWRSTR/21_BEDFORD_EAGLENA
533,WORKORDER_AWRSTR/23_BEDFORD_EAGLENA
500,WORKORDER_AWRAF/1369_BEDFORD_EAGLENA
146,WORKORDER_AWRAF/0749_BEDFORD_EAGLENA
145,WORKORDER_AWRAF/0750_BEDFORD_EAGLENA
146,WORKORDER_AWRAF/0751_BEDFORD_EAGLENA
145,WORKORDER_AWRAF/0752_BEDFORD_EAGLENA
146,WORKORDER_AWRAF/0753_BEDFORD_EAGLENA
143,WORKORDER_AWRAF/0754_BEDFORD_EAGLENA
144,WORKORDER_AWRAF/0755_BEDFORD_EAGLENA
210,WORKORDER_AWRAF/0113_BEDFORD_EAGLENA
210,WORKORDER_AWRAF/0199_BEDFORD_EAGLENA
210,WORKORDER_AWRAF/0231_BEDFORD_EAGLENA
210,WORKORDER_AWRAF/0662_BEDFORD_EAGLENA
210,WORKORDER_AWRAF/0854_BEDFORD_EAGLENA
220,WORKORDER_AWRAV/0001_BEDFORD_EAGLENA
220,WORKORDER_AWRAV/0002_BEDFORD_EAGLENA
290,WORKORDER_AWRAF/0799_BEDFORD_EAGLENA
290,WORKORDER_AWRAF/1161_BEDFORD_EAGLENA
290,WORKORDER_AWRCAB/0098_BEDFORD_EAGLENA
290,WORKORDER_AWRCAB/0099_BEDFORD_EAGLENA
290,WORKORDER_AWRCAB/0100_BEDFORD_EAGLENA
290,WORKORDER_AWRCAB/0101_BEDFORD_EAGLENA
200,WORKORDER_AWRCAB/0109_BEDFORD_EAGLENA
500,WORKORDER_AWRAF/1372_BEDFORD_EAGLENA
500,WORKORDER_AWRAF/1373_BEDFORD_EAGLENA
500,WORKORDER_AWRAF/1375_BEDFORD_EAGLENA
500,WORKORDER_AWRAF/1377_BEDFORD_EAGLENA
500,WORKORDER_AWRAF/1460_BEDFORD_EAGLENA
600,WORKORDER_AWRAF/1078_BEDFORD_EAGLENA
675,WORKORDER_AWRAV/0202_BEDFORD_EAGLENA
143,WORKORDER_AWRAF/0757_BEDFORD_EAGLENA
144,WORKORDER_AWRAF/0758_BEDFORD_EAGLENA
147,WORKORDER_AWRAF/0760_BEDFORD_EAGLENA
148,WORKORDER_AWRAF/0761_BEDFORD_EAGLENA
140,WORKORDER_AWRAF/0764_BEDFORD_EAGLENA
140,WORKORDER_AWRAF/0765_BEDFORD_EAGLENA
140,WORKORDER_AWRAF/0766_BEDFORD_EAGLENA
220,WORKORDER_AWRAF/0128_BEDFORD_EAGLENA
220,WORKORDER_AWRAF/0163_BEDFORD_EAGLENA
220,WORKORDER_AWRAF/0164_BEDFORD_EAGLENA
220,WORKORDER_AWRAF/0165_BEDFORD_EAGLENA
220,WORKORDER_AWRAF/0681_BEDFORD_EAGLENA
220,WORKORDER_AWRAF/0691_BEDFORD_EAGLENA
220,WORKORDER_AWRAF/0716_BEDFORD_EAGLENA
100,WORKORDER_AWRAV/218_BEDFORD_EAGLENA
100,WORKORDER_AWRAV/219_BEDFORD_EAGLENA
100,WORKORDER_AWRAV/220_BEDFORD_EAGLENA
100,WORKORDER_AWRAV/221_BEDFORD_EAGLENA
100,WORKORDER_AWRAF/1333_BEDFORD_EAGLENA
100,WORKORDER_AWRAF/1338_BEDFORD_EAGLENA
100,WORKORDER_AWRAF/1339_BEDFORD_EAGLENA
600,WORKORDER_AWRAV/0212_BEDFORD_EAGLENA
600,WORKORDER_AWRAF/1099_BEDFORD_EAGLENA
600,WORKORDER_AWRAF/1101_BEDFORD_EAGLENA
600,WORKORDER_AWRAF/1103_BEDFORD_EAGLENA
600,WORKORDER_AWRAF/1106_BEDFORD_EAGLENA
600,WORKORDER_AWRAF/1108_BEDFORD_EAGLENA
600,WORKORDER_AWRAF/1111_BEDFORD_EAGLENA
140,WORKORDER_AWRAF/0767_BEDFORD_EAGLENA
140,WORKORDER_AWRAF/0768_BEDFORD_EAGLENA
145,WORKORDER_AWRAF/0769_BEDFORD_EAGLENA
146,WORKORDER_AWRAF/0770_BEDFORD_EAGLENA
143,WORKORDER_AWRAF/0771_BEDFORD_EAGLENA
144,WORKORDER_AWRAF/0772_BEDFORD_EAGLENA
145,WORKORDER_AWRAF/0773_BEDFORD_EAGLENA
220,WORKORDER_AWRAF/0718_BEDFORD_EAGLENA
220,WORKORDER_AWRAF/0720_BEDFORD_EAGLENA
220,WORKORDER_AWRAF/1150_BEDFORD_EAGLENA
220,WORKORDER_AWRAF/1151_BEDFORD_EAGLENA
230,WORKORDER_AWRAV/0003_BEDFORD_EAGLENA
230,WORKORDER_AWRAV/0004_BEDFORD_EAGLENA
230,WORKORDER_AWRAF/0129_BEDFORD_EAGLENA
100,WORKORDER_AWRAF/1340_BEDFORD_EAGLENA
100,WORKORDER_AWRAV/222_BEDFORD_EAGLENA
100,WORKORDER_AWRAV/223_BEDFORD_EAGLENA
100,WORKORDER_AWRAF/1345_BEDFORD_EAGLENA
100,WORKORDER_AWRAF/1346_BEDFORD_EAGLENA
100,WORKORDER_AWRAV/229_BEDFORD_EAGLENA
120,WORKORDER_AWRSTR/8_BEDFORD_EAGLENA
600,WORKORDER_AWRAF/1330_BEDFORD_EAGLENA
600,WORKORDER_AWRAF/1335_BEDFORD_EAGLENA
600,WORKORDER_AWRAF/1337_BEDFORD_EAGLENA
600,WORKORDER_AWRAF/1348_BEDFORD_EAGLENA
600,WORKORDER_AWRAV/227_BEDFORD_EAGLENA
671,WORKORDER_AWRAF/1356_BEDFORD_EAGLENA
600,WORKORDER_AWRSTR/10_BEDFORD_EAGLENA
146,WORKORDER_AWRAF/0774_BEDFORD_EAGLENA
145,WORKORDER_AWRAF/0775_BEDFORD_EAGLENA
146,WORKORDER_AWRAF/0776_BEDFORD_EAGLENA
140,WORKORDER_AWRAF/0915_BEDFORD_EAGLENA
140,WORKORDER_AWRAF/1130_BEDFORD_EAGLENA
140,WORKORDER_AWRAF/1131_BEDFORD_EAGLENA
140,WORKORDER_AWRAV/0217_BEDFORD_EAGLENA
230,WORKORDER_AWRAF/0130_BEDFORD_EAGLENA
230,WORKORDER_AWRAF/0131_BEDFORD_EAGLENA
230,WORKORDER_AWRAF/0161_BEDFORD_EAGLENA
230,WORKORDER_AWRAF/0167_BEDFORD_EAGLENA
230,WORKORDER_AWRAF/0168_BEDFORD_EAGLENA
230,WORKORDER_AWRAF/0169_BEDFORD_EAGLENA
231,WORKORDER_AWRAF/0202_BEDFORD_EAGLENA
100,WORKORDER_AWRAF/1353_BEDFORD_EAGLENA
100,WORKORDER_AWRAV/232_BEDFORD_EAGLENA
100,WORKORDER_AWRAV/233_BEDFORD_EAGLENA
197,WORKORDER_AWRAF/1457_BEDFORD_EAGLENA
198,WORKORDER_AWRAF/1458_BEDFORD_EAGLENA
100,WORKORDER_AWRAF/1459_BEDFORD_EAGLENA
100,WORKORDER_AWRAV/239_BEDFORD_EAGLENA
600,WORKORDER_AWRAF/1358_BEDFORD_EAGLENA
600,WORKORDER_AWRAF/1360_BEDFORD_EAGLENA
600,WORKORDER_AWRAF/1362_BEDFORD_EAGLENA
600,WORKORDER_AWRAF/1364_BEDFORD_EAGLENA
600,WORKORDER_AWRAF/1367_BEDFORD_EAGLENA
600,WORKORDER_AWRAF/1368_BEDFORD_EAGLENA
600,WORKORDER_AWRSTR/12_BEDFORD_EAGLENA
140,WORKORDER_AWRAF/1132_BEDFORD_EAGLENA
140,WORKORDER_AWRAF/1133_BEDFORD_EAGLENA
150,WORKORDER_AWRAF/0483_BEDFORD_EAGLENA
150,WORKORDER_AWRAF/0506_BEDFORD_EAGLENA
150,WORKORDER_AWRAF/0510_BEDFORD_EAGLENA
150,WORKORDER_AWRAF/0514_BEDFORD_EAGLENA
150,WORKORDER_AWRAF/0646_BEDFORD_EAGLENA
232,WORKORDER_AWRAF/0203_BEDFORD_EAGLENA
230,WORKORDER_AWRAF/0717_BEDFORD_EAGLENA
230,WORKORDER_AWRAF/0719_BEDFORD_EAGLENA
230,WORKORDER_AWRAF/0721_BEDFORD_EAGLENA
230,WORKORDER_AWRAF/0726_BEDFORD_EAGLENA
230,WORKORDER_AWRAF/0731_BEDFORD_EAGLENA
230,WORKORDER_AWRAF/0735_BEDFORD_EAGLENA
260,WORKORDER_AWRAF/1071_BEDFORD_EAGLENA
200,WORKORDER_AWRAF/1073_BEDFORD_EAGLENA
200,WORKORDER_AWRAV/0194_BEDFORD_EAGLENA
200,WORKORDER_AWRAV/0200_BEDFORD_EAGLENA
210,WORKORDER_AWRAF/1085_BEDFORD_EAGLENA
200,WORKORDER_AWRAF/1090_BEDFORD_EAGLENA
200,WORKORDER_AWRAF/1091_BEDFORD_EAGLENA
632,WORKORDER_AWRSTR/14_BEDFORD_EAGLENA
633,WORKORDER_AWRSTR/16_BEDFORD_EAGLENA
632,WORKORDER_AWRSTR/18_BEDFORD_EAGLENA
600,WORKORDER_AWRSTR/20_BEDFORD_EAGLENA
600,WORKORDER_AWRSTR/22_BEDFORD_EAGLENA
633,WORKORDER_AWRSTR/24_BEDFORD_EAGLENA
600,WORKORDER_AWRAF/1370_BEDFORD_EAGLENA
150,WORKORDER_AWRAF/0648_BEDFORD_EAGLENA
150,WORKORDER_AWRAF/0739_BEDFORD_EAGLENA
150,WORKORDER_AWRAF/0744_BEDFORD_EAGLENA
150,WORKORDER_AWRAF/0745_BEDFORD_EAGLENA
150,WORKORDER_AWRAF/0762_BEDFORD_EAGLENA
150,WORKORDER_AWRAF/0779_BEDFORD_EAGLENA
150,WORKORDER_AWRAF/0782_BEDFORD_EAGLENA
230,WORKORDER_AWRAF/0737_BEDFORD_EAGLENA
230,WORKORDER_AWRAF/0741_BEDFORD_EAGLENA
230,WORKORDER_AWRAF/1152_BEDFORD_EAGLENA
230,WORKORDER_AWRAF/1153_BEDFORD_EAGLENA
240,WORKORDER_AWRAV/0005_BEDFORD_EAGLENA
240,WORKORDER_AWRAV/0006_BEDFORD_EAGLENA
240,WORKORDER_AWRAF/0138_BEDFORD_EAGLENA
200,WORKORDER_AWRAF/1095_BEDFORD_EAGLENA
210,WORKORDER_AWRAF/1097_BEDFORD_EAGLENA
200,WORKORDER_AWRAV/228_BEDFORD_EAGLENA
200,WORKORDER_AWRSTR/3_BEDFORD_EAGLENA
200,WORKORDER_AWRAF/1349_BEDFORD_EAGLENA
200,WORKORDER_AWRSTR/4_BEDFORD_EAGLENA
200,WORKORDER_AWRSTR/5_BEDFORD_EAGLENA
600,WORKORDER_AWRAF/1371_BEDFORD_EAGLENA
600,WORKORDER_AWRAF/1374_BEDFORD_EAGLENA
600,WORKORDER_AWRAF/1376_BEDFORD_EAGLENA
600,WORKORDER_AWRAF/1378_BEDFORD_EAGLENA
751,WORKORDER_AWRAF/1081_BEDFORD_EAGLENA
761,WORKORDER_AWRAF/1082_BEDFORD_EAGLENA
700,WORKORDER_AWRAF/1083_BEDFORD_EAGLENA
150,WORKORDER_AWRAF/0783_BEDFORD_EAGLENA
150,WORKORDER_AWRAF/0785_BEDFORD_EAGLENA
150,WORKORDER_AWRAF/0790_BEDFORD_EAGLENA
150,WORKORDER_AWRAF/1134_BEDFORD_EAGLENA
150,WORKORDER_AWRAF/1135_BEDFORD_EAGLENA
150,WORKORDER_AWRAF/1136_BEDFORD_EAGLENA
160,WORKORDER_AWRAV/0090_BEDFORD_EAGLENA
240,WORKORDER_AWRAF/0139_BEDFORD_EAGLENA
243,WORKORDER_AWRAF/0204_BEDFORD_EAGLENA
244,WORKORDER_AWRAF/0205_BEDFORD_EAGLENA
240,WORKORDER_AWRAF/0727_BEDFORD_EAGLENA
240,WORKORDER_AWRAF/0732_BEDFORD_EAGLENA
240,WORKORDER_AWRAF/0736_BEDFORD_EAGLENA
240,WORKORDER_AWRAF/0738_BEDFORD_EAGLENA
200,WORKORDER_AWRAF/1351_BEDFORD_EAGLENA
200,WORKORDER_AWRAF/1352_BEDFORD_EAGLENA
200,WORKORDER_AWRNDT/30_BEDFORD_EAGLENA
200,WORKORDER_AWRAV/230_BEDFORD_EAGLENA
200,WORKORDER_AWRAV/231_BEDFORD_EAGLENA
200,WORKORDER_AWRAV/234_BEDFORD_EAGLENA
200,WORKORDER_AWRAV/235_BEDFORD_EAGLENA
700,WORKORDER_AWRAF/1084_BEDFORD_EAGLENA
700,WORKORDER_AWRAV/0209_BEDFORD_EAGLENA
700,WORKORDER_AWRAF/1343_BEDFORD_EAGLENA
700,WORKORDER_AWRAF/1344_BEDFORD_EAGLENA
100,WORKORDER_AWRAF/0688_BEDFORD_EAGLENA
100,WORKORDER_AWRAF/0708_BEDFORD_EAGLENA
100,WORKORDER_AWRAF/0763_BEDFORD_EAGLENA
160,WORKORDER_AWRAF/0507_BEDFORD_EAGLENA
160,WORKORDER_AWRAF/0508_BEDFORD_EAGLENA
160,WORKORDER_AWRAF/0780_BEDFORD_EAGLENA
160,WORKORDER_AWRAF/0784_BEDFORD_EAGLENA
160,WORKORDER_AWRAF/0786_BEDFORD_EAGLENA
160,WORKORDER_AWRAF/0791_BEDFORD_EAGLENA
160,WORKORDER_AWRAF/0801_BEDFORD_EAGLENA
240,WORKORDER_AWRAF/0740_BEDFORD_EAGLENA
240,WORKORDER_AWRAF/0788_BEDFORD_EAGLENA
240,WORKORDER_AWRAF/0793_BEDFORD_EAGLENA
240,WORKORDER_AWRAF/0797_BEDFORD_EAGLENA
240,WORKORDER_AWRAF/1154_BEDFORD_EAGLENA
240,WORKORDER_AWRAF/1155_BEDFORD_EAGLENA
250,WORKORDER_AWRAV/0007_BEDFORD_EAGLENA
200,WORKORDER_AWRAV/236_BEDFORD_EAGLENA
200,WORKORDER_AWRAV/237_BEDFORD_EAGLENA
200,WORKORDER_AWRAV/238_BEDFORD_EAGLENA
200,WORKORDER_AWRCAB/229_BEDFORD_EAGLENA
310,WORKORDER_AWRAF/1076_BEDFORD_EAGLENA
336,WORKORDER_AWRAV/0203_BEDFORD_EAGLENA
346,WORKORDER_AWRAV/0204_BEDFORD_EAGLENA
100,WORKORDER_AWRAF/0803_BEDFORD_EAGLENA
100,WORKORDER_AWRAF/1119_BEDFORD_EAGLENA
110,WORKORDER_AWRAF/1120_BEDFORD_EAGLENA
120,WORKORDER_AWRAV/0089_BEDFORD_EAGLENA
120,WORKORDER_AWRAV/0094_BEDFORD_EAGLENA
120,WORKORDER_AWRAV/0099_BEDFORD_EAGLENA
120,WORKORDER_AWRAF/0261_BEDFORD_EAGLENA
160,WORKORDER_AWRAF/1137_BEDFORD_EAGLENA
160,WORKORDER_AWRAF/1138_BEDFORD_EAGLENA
160,WORKORDER_AWRAF/1139_BEDFORD_EAGLENA
170,WORKORDER_AWRAF/0781_BEDFORD_EAGLENA
170,WORKORDER_AWRAF/0787_BEDFORD_EAGLENA
170,WORKORDER_AWRAF/0792_BEDFORD_EAGLENA
170,WORKORDER_AWRAF/0802_BEDFORD_EAGLENA
250,WORKORDER_AWRAV/0008_BEDFORD_EAGLENA
250,WORKORDER_AWRAF/0140_BEDFORD_EAGLENA
250,WORKORDER_AWRAF/0162_BEDFORD_EAGLENA
250,WORKORDER_AWRAF/0174_BEDFORD_EAGLENA
250,WORKORDER_AWRAF/0175_BEDFORD_EAGLENA
250,WORKORDER_AWRAF/0176_BEDFORD_EAGLENA
250,WORKORDER_AWRAF/0177_BEDFORD_EAGLENA
300,WORKORDER_AWRAV/0210_BEDFORD_EAGLENA
300,WORKORDER_AWRAF/1096_BEDFORD_EAGLENA
300,WORKORDER_AWRAF/1350_BEDFORD_EAGLENA
300,WORKORDER_AWRSTR/6_BEDFORD_EAGLENA
300,WORKORDER_AWRSTR/7_BEDFORD_EAGLENA
300,WORKORDER_AWRAF/1461_BEDFORD_EAGLENA
300,WORKORDER_AWRENG/0057_BEDFORD_EAGLENA
120,WORKORDER_AWRAV/0172_BEDFORD_EAGLENA
120,WORKORDER_AWRAV/0176_BEDFORD_EAGLENA
120,WORKORDER_AWRAF/0670_BEDFORD_EAGLENA
120,WORKORDER_AWRAF/0671_BEDFORD_EAGLENA
120,WORKORDER_AWRAF/0672_BEDFORD_EAGLENA
120,WORKORDER_AWRAF/0673_BEDFORD_EAGLENA
123,WORKORDER_AWRAF/0675_BEDFORD_EAGLENA
170,WORKORDER_AWRAF/0806_BEDFORD_EAGLENA
170,WORKORDER_AWRAF/0807_BEDFORD_EAGLENA
170,WORKORDER_AWRAF/1140_BEDFORD_EAGLENA
170,WORKORDER_AWRAF/1141_BEDFORD_EAGLENA
197,WORKORDER_AWRAF/0200_BEDFORD_EAGLENA
198,WORKORDER_AWRAF/0201_BEDFORD_EAGLENA
190,WORKORDER_AWRAF/0289_BEDFORD_EAGLENA
253,WORKORDER_AWRAF/0206_BEDFORD_EAGLENA
254,WORKORDER_AWRAF/0207_BEDFORD_EAGLENA
250,WORKORDER_AWRAF/0778_BEDFORD_EAGLENA
250,WORKORDER_AWRAF/0789_BEDFORD_EAGLENA
250,WORKORDER_AWRAF/0794_BEDFORD_EAGLENA
250,WORKORDER_AWRAF/0795_BEDFORD_EAGLENA
250,WORKORDER_AWRAF/0798_BEDFORD_EAGLENA
410,WORKORDER_AWRAV/0195_BEDFORD_EAGLENA
420,WORKORDER_AWRAV/0196_BEDFORD_EAGLENA
430,WORKORDER_AWRAV/0197_BEDFORD_EAGLENA
440,WORKORDER_AWRAV/0198_BEDFORD_EAGLENA
420,WORKORDER_AWRAF/1086_BEDFORD_EAGLENA
440,WORKORDER_AWRAF/1087_BEDFORD_EAGLENA
400,WORKORDER_AWRENG/168_BEDFORD_EAGLENA
124,WORKORDER_AWRAF/0676_BEDFORD_EAGLENA
123,WORKORDER_AWRAF/0677_BEDFORD_EAGLENA
124,WORKORDER_AWRAF/0678_BEDFORD_EAGLENA
120,WORKORDER_AWRAF/0683_BEDFORD_EAGLENA
120,WORKORDER_AWRAF/0684_BEDFORD_EAGLENA
120,WORKORDER_AWRAF/0685_BEDFORD_EAGLENA
120,WORKORDER_AWRAF/0686_BEDFORD_EAGLENA
190,WORKORDER_AWRAF/0725_BEDFORD_EAGLENA
190,WORKORDER_AWRAF/0756_BEDFORD_EAGLENA
190,WORKORDER_AWRAF/0777_BEDFORD_EAGLENA
190,WORKORDER_AWRAF/0856_BEDFORD_EAGLENA
190,WORKORDER_AWRAF/1142_BEDFORD_EAGLENA
190,WORKORDER_AWRAF/1143_BEDFORD_EAGLENA
195,WORKORDER_AWRAF/1144_BEDFORD_EAGLENA
250,WORKORDER_AWRAF/0800_BEDFORD_EAGLENA
250,WORKORDER_AWRAF/0805_BEDFORD_EAGLENA
250,WORKORDER_AWRAF/1156_BEDFORD_EAGLENA
250,WORKORDER_AWRAF/1157_BEDFORD_EAGLENA
260,WORKORDER_AWRAV/0009_BEDFORD_EAGLENA
260,WORKORDER_AWRAV/0095_BEDFORD_EAGLENA
260,WORKORDER_AWRAV/0098_BEDFORD_EAGLENA
400,WORKORDER_AWRENG/169_BEDFORD_EAGLENA
400,WORKORDER_AWRENG/170_BEDFORD_EAGLENA
400,WORKORDER_AWRENG/171_BEDFORD_EAGLENA
400,WORKORDER_AWRENG/173_BEDFORD_EAGLENA
400,WORKORDER_AWRENG/174_BEDFORD_EAGLENA
400,WORKORDER_AWRENG/175_BEDFORD_EAGLENA
400,WORKORDER_AWRENG/176_BEDFORD_EAGLENA
120,WORKORDER_AWRAF/0689_BEDFORD_EAGLENA
120,WORKORDER_AWRAF/0690_BEDFORD_EAGLENA
120,WORKORDER_AWRAF/0692_BEDFORD_EAGLENA
120,WORKORDER_AWRAF/1121_BEDFORD_EAGLENA
120,WORKORDER_AWRAF/1122_BEDFORD_EAGLENA
120,WORKORDER_AWRAF/1123_BEDFORD_EAGLENA
120,WORKORDER_AWRAF/1124_BEDFORD_EAGLENA
196,WORKORDER_AWRAF/1145_BEDFORD_EAGLENA
190,WORKORDER_AWRAF/1146_BEDFORD_EAGLENA
190,WORKORDER_AWRAF/1147_BEDFORD_EAGLENA
200,WORKORDER_AWRCAB/0046_BEDFORD_EAGLENA
200,WORKORDER_AWRCAB/0054_BEDFORD_EAGLENA
200,WORKORDER_AWRAF/0123_BEDFORD_EAGLENA
200,WORKORDER_AWRAF/0160_BEDFORD_EAGLENA
200,WORKORDER_AWRAF/29_BEDFORD_EAGLENA
200,WORKORDER_AWRAF/31_BEDFORD_EAGLENA
200,WORKORDER_AWRAF/328_BEDFORD_EAGLENA
200,WORKORDER_AWRAF/33_BEDFORD_EAGLENA
200,WORKORDER_AWRAF/330_BEDFORD_EAGLENA
200,WORKORDER_AWRAF/332_BEDFORD_EAGLENA
200,WORKORDER_AWRAF/334_BEDFORD_EAGLENA
200,WORKORDER_AWRCAB/17_BEDFORD_EAGLENA
200,WORKORDER_AWRCAB/171_BEDFORD_EAGLENA
200,WORKORDER_AWRCAB/173_BEDFORD_EAGLENA
200,WORKORDER_AWRCAB/175_BEDFORD_EAGLENA
200,WORKORDER_AWRCAB/177_BEDFORD_EAGLENA
200,WORKORDER_AWRCAB/179_BEDFORD_EAGLENA
200,WORKORDER_AWRCAB/181_BEDFORD_EAGLENA
200,WORKORDER_AWRAF/253_BEDFORD_EAGLENA
200,WORKORDER_AWRAF/255_BEDFORD_EAGLENA
200,WORKORDER_AWRAF/257_BEDFORD_EAGLENA
200,WORKORDER_AWRAF/28_BEDFORD_EAGLENA
822,WORKORDER_AWRAF/0638_BEDFORD_EAGLENA
160,WORKORDER_AWRAV/0074_BEDFORD_EAGLENA
150,WORKORDER_AWRAF/0368_BEDFORD_EAGLENA
150,WORKORDER_AWRAF/0698_BEDFORD_EAGLENA
200,WORKORDER_AWRAF/983_BEDFORD_EAGLENA
200,WORKORDER_AWRAF/985_BEDFORD_EAGLENA
200,WORKORDER_AWRAF/987_BEDFORD_EAGLENA
200,WORKORDER_AWRAF/989_BEDFORD_EAGLENA
200,WORKORDER_AWRAF/991_BEDFORD_EAGLENA
200,WORKORDER_AWRAF/993_BEDFORD_EAGLENA
200,WORKORDER_AWRAF/995_BEDFORD_EAGLENA
200,WORKORDER_AWRAF/1019_BEDFORD_EAGLENA
200,WORKORDER_AWRAF/1021_BEDFORD_EAGLENA
200,WORKORDER_AWRAF/1023_BEDFORD_EAGLENA
200,WORKORDER_AWRAF/1025_BEDFORD_EAGLENA
200,WORKORDER_AWRAF/1027_BEDFORD_EAGLENA
200,WORKORDER_AWRAF/1029_BEDFORD_EAGLENA
200,WORKORDER_AWRAF/103_BEDFORD_EAGLENA
200,WORKORDER_AWRAV/108_BEDFORD_EAGLENA
200,WORKORDER_AWRAV/110_BEDFORD_EAGLENA
200,WORKORDER_AWRAV/132_BEDFORD_EAGLENA
200,WORKORDER_AWRAV/134_BEDFORD_EAGLENA
200,WORKORDER_AWRAV/136_BEDFORD_EAGLENA
200,WORKORDER_AWRAV/155_BEDFORD_EAGLENA
200,WORKORDER_AWRAV/157_BEDFORD_EAGLENA
200,WORKORDER_AWRAF/1013_BEDFORD_EAGLENA
200,WORKORDER_AWRAF/1015_BEDFORD_EAGLENA
200,WORKORDER_AWRAF/1017_BEDFORD_EAGLENA
200,WORKORDER_AWRAF/102_BEDFORD_EAGLENA
200,WORKORDER_AWRAF/1020_BEDFORD_EAGLENA
200,WORKORDER_AWRAF/1022_BEDFORD_EAGLENA
200,WORKORDER_AWRAF/1024_BEDFORD_EAGLENA
200,WORKORDER_AWRAF/997_BEDFORD_EAGLENA
200,WORKORDER_AWRAF/999_BEDFORD_EAGLENA
200,WORKORDER_AWRAV/107_BEDFORD_EAGLENA
200,WORKORDER_AWRAV/109_BEDFORD_EAGLENA
200,WORKORDER_AWRAV/111_BEDFORD_EAGLENA
200,WORKORDER_AWRAV/133_BEDFORD_EAGLENA
200,WORKORDER_AWRAV/135_BEDFORD_EAGLENA
200,WORKORDER_AWRAF/1031_BEDFORD_EAGLENA
200,WORKORDER_AWRAF/10330_BEDFORD_EAGLENA
200,WORKORDER_AWRAF/10350_BEDFORD_EAGLENA
200,WORKORDER_AWRAF/10370_BEDFORD_EAGLENA
200,WORKORDER_AWRAF/10390_BEDFORD_EAGLENA
200,WORKORDER_AWRAF/1041_BEDFORD_EAGLENA
200,WORKORDER_AWRAF/1043_BEDFORD_EAGLENA
200,WORKORDER_AWRAV/159_BEDFORD_EAGLENA
200,WORKORDER_AWRAV/52_BEDFORD_EAGLENA
200,WORKORDER_AWRAV/54_BEDFORD_EAGLENA
200,WORKORDER_AWRAV/56_BEDFORD_EAGLENA
200,WORKORDER_AWRAV/60_BEDFORD_EAGLENA
200,WORKORDER_AWRAV/62_BEDFORD_EAGLENA
200,WORKORDER_AWRAV/64_BEDFORD_EAGLENA
200,WORKORDER_AWRAF/1026_BEDFORD_EAGLENA
200,WORKORDER_AWRAF/1028_BEDFORD_EAGLENA
200,WORKORDER_AWRAF/1030_BEDFORD_EAGLENA
200,WORKORDER_AWRAF/10320_BEDFORD_EAGLENA
200,WORKORDER_AWRAF/10340_BEDFORD_EAGLENA
200,WORKORDER_AWRAF/10360_BEDFORD_EAGLENA
200,WORKORDER_AWRAF/10380_BEDFORD_EAGLENA
200,WORKORDER_AWRAV/137_BEDFORD_EAGLENA
200,WORKORDER_AWRAV/156_BEDFORD_EAGLENA
200,WORKORDER_AWRAV/158_BEDFORD_EAGLENA
200,WORKORDER_AWRAV/160_BEDFORD_EAGLENA
200,WORKORDER_AWRAV/53_BEDFORD_EAGLENA
200,WORKORDER_AWRAV/55_BEDFORD_EAGLENA
200,WORKORDER_AWRAV/57_BEDFORD_EAGLENA
200,WORKORDER_AWRAF/1045_BEDFORD_EAGLENA
200,WORKORDER_AWRAF/1047_BEDFORD_EAGLENA
200,WORKORDER_AWRAF/10490_BEDFORD_EAGLENA
200,WORKORDER_AWRAF/105_BEDFORD_EAGLENA
200,WORKORDER_AWRAF/10510_BEDFORD_EAGLENA
200,WORKORDER_AWRAF/10530_BEDFORD_EAGLENA
200,WORKORDER_AWRAF/10640_BEDFORD_EAGLENA
200,WORKORDER_AWRAV/75_BEDFORD_EAGLENA
200,WORKORDER_AWRAV/77_BEDFORD_EAGLENA
200,WORKORDER_AWRAV/79_BEDFORD_EAGLENA
200,WORKORDER_AWRCAB/1_BEDFORD_EAGLENA
200,WORKORDER_AWRCAB/11_BEDFORD_EAGLENA
200,WORKORDER_AWRCAB/128_BEDFORD_EAGLENA
200,WORKORDER_AWRCAB/13_BEDFORD_EAGLENA
200,WORKORDER_AWRAF/104_BEDFORD_EAGLENA
200,WORKORDER_AWRAF/10400_BEDFORD_EAGLENA
200,WORKORDER_AWRAF/1042_BEDFORD_EAGLENA
200,WORKORDER_AWRAF/10440_BEDFORD_EAGLENA
200,WORKORDER_AWRAF/10460_BEDFORD_EAGLENA
200,WORKORDER_AWRAF/10480_BEDFORD_EAGLENA
200,WORKORDER_AWRAF/10500_BEDFORD_EAGLENA
200,WORKORDER_AWRAV/61_BEDFORD_EAGLENA
200,WORKORDER_AWRAV/63_BEDFORD_EAGLENA
200,WORKORDER_AWRAV/65_BEDFORD_EAGLENA
200,WORKORDER_AWRAV/76_BEDFORD_EAGLENA
200,WORKORDER_AWRAV/78_BEDFORD_EAGLENA
200,WORKORDER_AWRAV/80_BEDFORD_EAGLENA
200,WORKORDER_AWRCAB/10_BEDFORD_EAGLENA
200,WORKORDER_AWRAF/107_BEDFORD_EAGLENA
200,WORKORDER_AWRAF/109_BEDFORD_EAGLENA
200,WORKORDER_AWRAF/111_BEDFORD_EAGLENA
200,WORKORDER_AWRAF/113_BEDFORD_EAGLENA
200,WORKORDER_AWRAF/11500_BEDFORD_EAGLENA
200,WORKORDER_AWRAF/11520_BEDFORD_EAGLENA
200,WORKORDER_AWRAF/11550_BEDFORD_EAGLENA
200,WORKORDER_AWRCAB/130_BEDFORD_EAGLENA
200,WORKORDER_AWRCAB/132_BEDFORD_EAGLENA
200,WORKORDER_AWRCAB/134_BEDFORD_EAGLENA
200,WORKORDER_AWRCAB/136_BEDFORD_EAGLENA
200,WORKORDER_AWRCAB/138_BEDFORD_EAGLENA
200,WORKORDER_AWRCAB/140_BEDFORD_EAGLENA
200,WORKORDER_AWRCAB/142_BEDFORD_EAGLENA
200,WORKORDER_AWRAF/10520_BEDFORD_EAGLENA
200,WORKORDER_AWRAF/10540_BEDFORD_EAGLENA
200,WORKORDER_AWRAF/106_BEDFORD_EAGLENA
200,WORKORDER_AWRAF/10650_BEDFORD_EAGLENA
200,WORKORDER_AWRAF/108_BEDFORD_EAGLENA
200,WORKORDER_AWRAF/110_BEDFORD_EAGLENA
200,WORKORDER_AWRAF/112_BEDFORD_EAGLENA
200,WORKORDER_AWRCAB/12_BEDFORD_EAGLENA
200,WORKORDER_AWRCAB/129_BEDFORD_EAGLENA
200,WORKORDER_AWRCAB/131_BEDFORD_EAGLENA
200,WORKORDER_AWRCAB/133_BEDFORD_EAGLENA
200,WORKORDER_AWRCAB/135_BEDFORD_EAGLENA
200,WORKORDER_AWRCAB/137_BEDFORD_EAGLENA
200,WORKORDER_AWRCAB/139_BEDFORD_EAGLENA
200,WORKORDER_AWRAF/1464_BEDFORD_EAGLENA
200,WORKORDER_AWRAF/1466_BEDFORD_EAGLENA
200,WORKORDER_AWRAF/1468_BEDFORD_EAGLENA
200,WORKORDER_AWRAF/1470_BEDFORD_EAGLENA
200,WORKORDER_AWRAF/1472_BEDFORD_EAGLENA
200,WORKORDER_AWRAF/1474_BEDFORD_EAGLENA
200,WORKORDER_AWRAF/200_BEDFORD_EAGLENA
200,WORKORDER_AWRCAB/144_BEDFORD_EAGLENA
200,WORKORDER_AWRCAB/146_BEDFORD_EAGLENA
200,WORKORDER_AWRCAB/148_BEDFORD_EAGLENA
200,WORKORDER_AWRCAB/15_BEDFORD_EAGLENA
200,WORKORDER_AWRCAB/150_BEDFORD_EAGLENA
200,WORKORDER_AWRCAB/152_BEDFORD_EAGLENA
200,WORKORDER_AWRCAB/154_BEDFORD_EAGLENA
200,WORKORDER_AWRAF/114_BEDFORD_EAGLENA
200,WORKORDER_AWRAF/11510_BEDFORD_EAGLENA
200,WORKORDER_AWRAF/11530_BEDFORD_EAGLENA
200,WORKORDER_AWRAF/11560_BEDFORD_EAGLENA
200,WORKORDER_AWRAF/1465_BEDFORD_EAGLENA
200,WORKORDER_AWRAF/1467_BEDFORD_EAGLENA
200,WORKORDER_AWRAF/1469_BEDFORD_EAGLENA
200,WORKORDER_AWRCAB/14_BEDFORD_EAGLENA
200,WORKORDER_AWRCAB/141_BEDFORD_EAGLENA
200,WORKORDER_AWRCAB/143_BEDFORD_EAGLENA
200,WORKORDER_AWRCAB/145_BEDFORD_EAGLENA
200,WORKORDER_AWRCAB/147_BEDFORD_EAGLENA
200,WORKORDER_AWRCAB/149_BEDFORD_EAGLENA
200,WORKORDER_AWRCAB/151_BEDFORD_EAGLENA
200,WORKORDER_AWRAF/246_BEDFORD_EAGLENA
200,WORKORDER_AWRAF/248_BEDFORD_EAGLENA
200,WORKORDER_AWRAF/250_BEDFORD_EAGLENA
200,WORKORDER_AWRAF/252_BEDFORD_EAGLENA
200,WORKORDER_AWRAF/254_BEDFORD_EAGLENA
200,WORKORDER_AWRAF/256_BEDFORD_EAGLENA
200,WORKORDER_AWRAF/27_BEDFORD_EAGLENA
200,WORKORDER_AWRCAB/156_BEDFORD_EAGLENA
200,WORKORDER_AWRCAB/159_BEDFORD_EAGLENA
200,WORKORDER_AWRCAB/161_BEDFORD_EAGLENA
200,WORKORDER_AWRCAB/163_BEDFORD_EAGLENA
200,WORKORDER_AWRCAB/165_BEDFORD_EAGLENA
200,WORKORDER_AWRCAB/167_BEDFORD_EAGLENA
200,WORKORDER_AWRCAB/169_BEDFORD_EAGLENA
200,WORKORDER_AWRAF/1471_BEDFORD_EAGLENA
200,WORKORDER_AWRAF/1473_BEDFORD_EAGLENA
200,WORKORDER_AWRAF/1475_BEDFORD_EAGLENA
200,WORKORDER_AWRAF/201_BEDFORD_EAGLENA
200,WORKORDER_AWRAF/247_BEDFORD_EAGLENA
200,WORKORDER_AWRAF/249_BEDFORD_EAGLENA
200,WORKORDER_AWRAF/251_BEDFORD_EAGLENA
160,WORKORDER_AWRAF/0699_BEDFORD_EAGLENA
190,WORKORDER_AWRAF/0700_BEDFORD_EAGLENA
132,WORKORDER_AWRAF/0953_BEDFORD_EAGLENA
132,WORKORDER_AWRAF/0954_BEDFORD_EAGLENA
210,WORKORDER_AWRAV/0086_BEDFORD_EAGLENA
200,WORKORDER_AWRCAB/0055_BEDFORD_EAGLENA
210,WORKORDER_AWRAV/0115_BEDFORD_EAGLENA
864,WORKORDER_AWRAF/0556_BEDFORD_EAGLENA
831,WORKORDER_AWRAF/0557_BEDFORD_EAGLENA
832,WORKORDER_AWRAF/0558_BEDFORD_EAGLENA
834,WORKORDER_AWRAF/0559_BEDFORD_EAGLENA
835,WORKORDER_AWRAF/0560_BEDFORD_EAGLENA
841,WORKORDER_AWRAF/0561_BEDFORD_EAGLENA
842,WORKORDER_AWRAF/0562_BEDFORD_EAGLENA
841,WORKORDER_AWRAF/0601_BEDFORD_EAGLENA
842,WORKORDER_AWRAF/0602_BEDFORD_EAGLENA
844,WORKORDER_AWRAF/0603_BEDFORD_EAGLENA
845,WORKORDER_AWRAF/0604_BEDFORD_EAGLENA
852,WORKORDER_AWRAF/0605_BEDFORD_EAGLENA
862,WORKORDER_AWRAF/0606_BEDFORD_EAGLENA
863,WORKORDER_AWRAF/0607_BEDFORD_EAGLENA
700,WORKORDER_AWRAF/1435_BEDFORD_EAGLENA
700,WORKORDER_AWRAF/1453_BEDFORD_EAGLENA
700,WORKORDER_AWRAF/1455_BEDFORD_EAGLENA
700,WORKORDER_AWRAF/1381_BEDFORD_EAGLENA
700,WORKORDER_AWRAF/1383_BEDFORD_EAGLENA
800,WORKORDER_AWRAF/1397_BEDFORD_EAGLENA
800,WORKORDER_AWRAF/1399_BEDFORD_EAGLENA
210,WORKORDER_AWRAV/0116_BEDFORD_EAGLENA
210,WORKORDER_AWRAF/0277_BEDFORD_EAGLENA
210,WORKORDER_AWRAV/0122_BEDFORD_EAGLENA
210,WORKORDER_AWRAV/0127_BEDFORD_EAGLENA
210,WORKORDER_AWRAV/0147_BEDFORD_EAGLENA
210,WORKORDER_AWRAV/0149_BEDFORD_EAGLENA
210,WORKORDER_AWRAV/0150_BEDFORD_EAGLENA
844,WORKORDER_AWRAF/0563_BEDFORD_EAGLENA
845,WORKORDER_AWRAF/0564_BEDFORD_EAGLENA
852,WORKORDER_AWRAF/0565_BEDFORD_EAGLENA
853,WORKORDER_AWRAF/0566_BEDFORD_EAGLENA
854,WORKORDER_AWRAF/0567_BEDFORD_EAGLENA
862,WORKORDER_AWRAF/0568_BEDFORD_EAGLENA
863,WORKORDER_AWRAF/0569_BEDFORD_EAGLENA
864,WORKORDER_AWRAF/0608_BEDFORD_EAGLENA
830,WORKORDER_AWRAF/0609_BEDFORD_EAGLENA
840,WORKORDER_AWRAF/0610_BEDFORD_EAGLENA
833,WORKORDER_AWRAF/0611_BEDFORD_EAGLENA
843,WORKORDER_AWRAF/0612_BEDFORD_EAGLENA
850,WORKORDER_AWRAF/0613_BEDFORD_EAGLENA
860,WORKORDER_AWRAF/0614_BEDFORD_EAGLENA
170,WORKORDER_AWRAF/0493_BEDFORD_EAGLENA
190,WORKORDER_AWRAF/0288_BEDFORD_EAGLENA
190,WORKORDER_AWRAF/0316_BEDFORD_EAGLENA
140,WORKORDER_AWRAF/0023_BEDFORD_EAGLENA
200,WORKORDER_AWRAV/0082_BEDFORD_EAGLENA
320,WORKORDER_AWRAF/0263_BEDFORD_EAGLENA
320,WORKORDER_AWRAF/0264_BEDFORD_EAGLENA
210,WORKORDER_AWRAV/0152_BEDFORD_EAGLENA
210,WORKORDER_AWRAV/0162_BEDFORD_EAGLENA
210,WORKORDER_AWRAF/0464_BEDFORD_EAGLENA
200,WORKORDER_AWRAV/0165_BEDFORD_EAGLENA
210,WORKORDER_AWRAV/0067_BEDFORD_EAGLENA
210,WORKORDER_AWRAV/0071_BEDFORD_EAGLENA
210,WORKORDER_AWRAV/0072_BEDFORD_EAGLENA
864,WORKORDER_AWRAF/0570_BEDFORD_EAGLENA
831,WORKORDER_AWRAF/0571_BEDFORD_EAGLENA
832,WORKORDER_AWRAF/0572_BEDFORD_EAGLENA
834,WORKORDER_AWRAF/0573_BEDFORD_EAGLENA
835,WORKORDER_AWRAF/0574_BEDFORD_EAGLENA
841,WORKORDER_AWRAF/0575_BEDFORD_EAGLENA
842,WORKORDER_AWRAF/0576_BEDFORD_EAGLENA
831,WORKORDER_AWRAF/0615_BEDFORD_EAGLENA
832,WORKORDER_AWRAF/0616_BEDFORD_EAGLENA
834,WORKORDER_AWRAF/0617_BEDFORD_EAGLENA
835,WORKORDER_AWRAF/0618_BEDFORD_EAGLENA
841,WORKORDER_AWRAF/0619_BEDFORD_EAGLENA
842,WORKORDER_AWRAF/0620_BEDFORD_EAGLENA
844,WORKORDER_AWRAF/0621_BEDFORD_EAGLENA
336,WORKORDER_AWRAF/0269_BEDFORD_EAGLENA
346,WORKORDER_AWRAF/0270_BEDFORD_EAGLENA
310,WORKORDER_AWRAF/0282_BEDFORD_EAGLENA
310,WORKORDER_AWRAF/0283_BEDFORD_EAGLENA
420,WORKORDER_AWRENG/0001_BEDFORD_EAGLENA
430,WORKORDER_AWRENG/0002_BEDFORD_EAGLENA
420,WORKORDER_AWRENG/0009_BEDFORD_EAGLENA
210,WORKORDER_AWRAV/0073_BEDFORD_EAGLENA
210,WORKORDER_AWRAV/0110_BEDFORD_EAGLENA
210,WORKORDER_AWRAF/0292_BEDFORD_EAGLENA
210,WORKORDER_AWRAF/0473_BEDFORD_EAGLENA
210,WORKORDER_AWRAV/0060_BEDFORD_EAGLENA
210,WORKORDER_AWRAV/0177_BEDFORD_EAGLENA
220,WORKORDER_AWRAV/0183_BEDFORD_EAGLENA
844,WORKORDER_AWRAF/0577_BEDFORD_EAGLENA
845,WORKORDER_AWRAF/0578_BEDFORD_EAGLENA
852,WORKORDER_AWRAF/0579_BEDFORD_EAGLENA
853,WORKORDER_AWRAF/0580_BEDFORD_EAGLENA
854,WORKORDER_AWRAF/0581_BEDFORD_EAGLENA
862,WORKORDER_AWRAF/0582_BEDFORD_EAGLENA
863,WORKORDER_AWRAF/0583_BEDFORD_EAGLENA
845,WORKORDER_AWRAF/0622_BEDFORD_EAGLENA
833,WORKORDER_AWRAF/0633_BEDFORD_EAGLENA
843,WORKORDER_AWRAF/0634_BEDFORD_EAGLENA
833,WORKORDER_AWRAF/0635_BEDFORD_EAGLENA
843,WORKORDER_AWRAF/0636_BEDFORD_EAGLENA
821,WORKORDER_AWRAF/0641_BEDFORD_EAGLENA
822,WORKORDER_AWRAF/0642_BEDFORD_EAGLENA
521,WORKORDER_AWRAF/0017_BEDFORD_EAGLENA
521,WORKORDER_AWRAV/0026_BEDFORD_EAGLENA
521,WORKORDER_AWRAV/0028_BEDFORD_EAGLENA
522,WORKORDER_AWRAV/0030_BEDFORD_EAGLENA
523,WORKORDER_AWRAV/0032_BEDFORD_EAGLENA
531,WORKORDER_AWRAV/0034_BEDFORD_EAGLENA
571,WORKORDER_AWRAV/0036_BEDFORD_EAGLENA
210,WORKORDER_AWRAF/0949_BEDFORD_EAGLENA
210,WORKORDER_AWRAF/0950_BEDFORD_EAGLENA
210,WORKORDER_AWRAF/0951_BEDFORD_EAGLENA
210,WORKORDER_AWRAF/0952_BEDFORD_EAGLENA
272,WORKORDER_AWRAF/0955_BEDFORD_EAGLENA
292,WORKORDER_AWRAF/0956_BEDFORD_EAGLENA
210,WORKORDER_AWRAV/0213_BEDFORD_EAGLENA
864,WORKORDER_AWRAF/0584_BEDFORD_EAGLENA
833,WORKORDER_AWRAF/0627_BEDFORD_EAGLENA
843,WORKORDER_AWRAF/0628_BEDFORD_EAGLENA
833,WORKORDER_AWRAF/0629_BEDFORD_EAGLENA
843,WORKORDER_AWRAF/0630_BEDFORD_EAGLENA
833,WORKORDER_AWRAF/0631_BEDFORD_EAGLENA
843,WORKORDER_AWRAF/0632_BEDFORD_EAGLENA
821,WORKORDER_AWRAF/0649_BEDFORD_EAGLENA
822,WORKORDER_AWRAF/0650_BEDFORD_EAGLENA
823,WORKORDER_AWRAF/0651_BEDFORD_EAGLENA
821,WORKORDER_AWRAF/0652_BEDFORD_EAGLENA
811,WORKORDER_AWRAF/0656_BEDFORD_EAGLENA
811,WORKORDER_AWRAF/0657_BEDFORD_EAGLENA
811,WORKORDER_AWRAF/0658_BEDFORD_EAGLENA
572,WORKORDER_AWRAV/0038_BEDFORD_EAGLENA
573,WORKORDER_AWRAV/0039_BEDFORD_EAGLENA
574,WORKORDER_AWRAV/0041_BEDFORD_EAGLENA
575,WORKORDER_AWRAV/0043_BEDFORD_EAGLENA
521,WORKORDER_AWRAF/0019_BEDFORD_EAGLENA
521,WORKORDER_AWRAF/0021_BEDFORD_EAGLENA
430,WORKORDER_AWRENG/0010_BEDFORD_EAGLENA
210,WORKORDER_AWRAV/0214_BEDFORD_EAGLENA
310,WORKORDER_AWRAF/0281_BEDFORD_EAGLENA
310,WORKORDER_AWRAF/0280_BEDFORD_EAGLENA
315,WORKORDER_AWRAF/0710_BEDFORD_EAGLENA
311,WORKORDER_AWRNDT/0003_BEDFORD_EAGLENA
312,WORKORDER_AWRNDT/0004_BEDFORD_EAGLENA
311,WORKORDER_AWRNDT/0008_BEDFORD_EAGLENA
821,WORKORDER_AWRAF/0639_BEDFORD_EAGLENA
822,WORKORDER_AWRAF/0640_BEDFORD_EAGLENA
821,WORKORDER_AWRAF/0702_BEDFORD_EAGLENA
822,WORKORDER_AWRAF/0703_BEDFORD_EAGLENA
500,WORKORDER_AWRAF/1064_BEDFORD_EAGLENA
600,WORKORDER_AWRAF/1065_BEDFORD_EAGLENA
210,WORKORDER_AWRAV/0106_BEDFORD_EAGLENA
830,WORKORDER_AWRAF/0704_BEDFORD_EAGLENA
840,WORKORDER_AWRAF/0705_BEDFORD_EAGLENA
850,WORKORDER_AWRAF/0706_BEDFORD_EAGLENA
860,WORKORDER_AWRAF/0707_BEDFORD_EAGLENA
800,WORKORDER_AWRAF/1281_BEDFORD_EAGLENA
830,WORKORDER_AWRAF/1282_BEDFORD_EAGLENA
840,WORKORDER_AWRAF/1283_BEDFORD_EAGLENA
575,WORKORDER_AWRAF/0257_BEDFORD_EAGLENA
675,WORKORDER_AWRAF/0258_BEDFORD_EAGLENA
670,WORKORDER_AWRAF/0285_BEDFORD_EAGLENA
560,WORKORDER_AWRAF/0286_BEDFORD_EAGLENA
660,WORKORDER_AWRAF/0287_BEDFORD_EAGLENA
560,WORKORDER_AWRAF/0295_BEDFORD_EAGLENA
630,WORKORDER_AWRAF/0299_BEDFORD_EAGLENA
312,WORKORDER_AWRNDT/0009_BEDFORD_EAGLENA
310,WORKORDER_AWRNDT/0015_BEDFORD_EAGLENA
460,WORKORDER_AWRAF/0412_BEDFORD_EAGLENA
470,WORKORDER_AWRAF/0413_BEDFORD_EAGLENA
460,WORKORDER_AWRAF/0417_BEDFORD_EAGLENA
470,WORKORDER_AWRAF/0418_BEDFORD_EAGLENA
440,WORKORDER_AWRENG/0072_BEDFORD_EAGLENA
750,WORKORDER_AWRAF/0436_BEDFORD_EAGLENA
750,WORKORDER_AWRAF/0438_BEDFORD_EAGLENA
750,WORKORDER_AWRAF/0440_BEDFORD_EAGLENA
750,WORKORDER_AWRAF/0442_BEDFORD_EAGLENA
750,WORKORDER_AWRAF/0444_BEDFORD_EAGLENA
750,WORKORDER_AWRAF/0462_BEDFORD_EAGLENA
750,WORKORDER_AWRAF/0468_BEDFORD_EAGLENA
850,WORKORDER_AWRAF/1284_BEDFORD_EAGLENA
860,WORKORDER_AWRAF/1285_BEDFORD_EAGLENA
811,WORKORDER_AWRAF/1286_BEDFORD_EAGLENA
821,WORKORDER_AWRAF/1287_BEDFORD_EAGLENA
822,WORKORDER_AWRAF/1288_BEDFORD_EAGLENA
822,WORKORDER_AWRAF/1289_BEDFORD_EAGLENA
823,WORKORDER_AWRAF/1290_BEDFORD_EAGLENA
530,WORKORDER_AWRAF/0300_BEDFORD_EAGLENA
560,WORKORDER_AWRAF/0302_BEDFORD_EAGLENA
530,WORKORDER_AWRAF/0304_BEDFORD_EAGLENA
530,WORKORDER_AWRAF/0308_BEDFORD_EAGLENA
570,WORKORDER_AWRAF/0310_BEDFORD_EAGLENA
670,WORKORDER_AWRAF/0311_BEDFORD_EAGLENA
620,WORKORDER_AWRAF/0312_BEDFORD_EAGLENA
420,WORKORDER_AWRENG/0089_BEDFORD_EAGLENA
430,WORKORDER_AWRENG/0090_BEDFORD_EAGLENA
450,WORKORDER_AWRAV/0111_BEDFORD_EAGLENA
460,WORKORDER_AWRAV/0112_BEDFORD_EAGLENA
470,WORKORDER_AWRAV/0113_BEDFORD_EAGLENA
480,WORKORDER_AWRAV/0114_BEDFORD_EAGLENA
440,WORKORDER_AWRAF/0408_BEDFORD_EAGLENA
315,WORKORDER_AWRAF/0500_BEDFORD_EAGLENA
313,WORKORDER_AWRAF/0501_BEDFORD_EAGLENA
313,WORKORDER_AWRAF/0502_BEDFORD_EAGLENA
313,WORKORDER_AWRAF/0503_BEDFORD_EAGLENA
313,WORKORDER_AWRAF/0504_BEDFORD_EAGLENA
210,WORKORDER_AWRAF/0659_BEDFORD_EAGLENA
750,WORKORDER_AWRAF/0667_BEDFORD_EAGLENA
831,WORKORDER_AWRAF/1291_BEDFORD_EAGLENA
841,WORKORDER_AWRAF/1292_BEDFORD_EAGLENA
832,WORKORDER_AWRAF/1293_BEDFORD_EAGLENA
842,WORKORDER_AWRAF/1294_BEDFORD_EAGLENA
833,WORKORDER_AWRAF/1295_BEDFORD_EAGLENA
843,WORKORDER_AWRAF/1296_BEDFORD_EAGLENA
834,WORKORDER_AWRAF/1297_BEDFORD_EAGLENA
600,WORKORDER_AWRAF/0313_BEDFORD_EAGLENA
520,WORKORDER_AWRAF/0314_BEDFORD_EAGLENA
620,WORKORDER_AWRAF/0315_BEDFORD_EAGLENA
534,WORKORDER_AWRAF/0410_BEDFORD_EAGLENA
634,WORKORDER_AWRAF/0411_BEDFORD_EAGLENA
540,WORKORDER_AWRAF/0861_BEDFORD_EAGLENA
540,WORKORDER_AWRAF/0871_BEDFORD_EAGLENA
410,WORKORDER_AWRENG/0014_BEDFORD_EAGLENA
420,WORKORDER_AWRENG/0015_BEDFORD_EAGLENA
430,WORKORDER_AWRENG/0016_BEDFORD_EAGLENA
440,WORKORDER_AWRENG/0017_BEDFORD_EAGLENA
450,WORKORDER_AWRAF/0476_BEDFORD_EAGLENA
460,WORKORDER_AWRAF/0477_BEDFORD_EAGLENA
470,WORKORDER_AWRAF/0478_BEDFORD_EAGLENA
220,WORKORDER_AWRAF/0693_BEDFORD_EAGLENA
260,WORKORDER_AWRAF/0694_BEDFORD_EAGLENA
210,WORKORDER_AWRAF/0855_BEDFORD_EAGLENA
200,WORKORDER_AWRAF/1148_BEDFORD_EAGLENA
210,WORKORDER_AWRAF/1149_BEDFORD_EAGLENA
317,WORKORDER_AWRAF/1167_BEDFORD_EAGLENA
751,WORKORDER_AWRAF/1271_BEDFORD_EAGLENA
844,WORKORDER_AWRAF/1298_BEDFORD_EAGLENA
835,WORKORDER_AWRAF/1299_BEDFORD_EAGLENA
845,WORKORDER_AWRAF/1300_BEDFORD_EAGLENA
852,WORKORDER_AWRAF/1301_BEDFORD_EAGLENA
862,WORKORDER_AWRAF/1302_BEDFORD_EAGLENA
853,WORKORDER_AWRAF/1303_BEDFORD_EAGLENA
863,WORKORDER_AWRAF/1304_BEDFORD_EAGLENA
540,WORKORDER_AWRNDT/0024_BEDFORD_EAGLENA
571,WORKORDER_AWRAF/0883_BEDFORD_EAGLENA
571,WORKORDER_AWRAF/0885_BEDFORD_EAGLENA
530,WORKORDER_AWRAF/0887_BEDFORD_EAGLENA
521,WORKORDER_AWRAF/0889_BEDFORD_EAGLENA
521,WORKORDER_AWRAF/0891_BEDFORD_EAGLENA
570,WORKORDER_AWRAF/0913_BEDFORD_EAGLENA
480,WORKORDER_AWRAF/0479_BEDFORD_EAGLENA
480,WORKORDER_AWRAF/0840_BEDFORD_EAGLENA
410,WORKORDER_AWRENG/0033_BEDFORD_EAGLENA
420,WORKORDER_AWRENG/0034_BEDFORD_EAGLENA
430,WORKORDER_AWRENG/0035_BEDFORD_EAGLENA
440,WORKORDER_AWRENG/0036_BEDFORD_EAGLENA
410,WORKORDER_AWRENG/0071_BEDFORD_EAGLENA
752,WORKORDER_AWRAF/1273_BEDFORD_EAGLENA
753,WORKORDER_AWRAF/1275_BEDFORD_EAGLENA
754,WORKORDER_AWRAF/1277_BEDFORD_EAGLENA
755,WORKORDER_AWRAF/1279_BEDFORD_EAGLENA
760,WORKORDER_AWRAF/0422_BEDFORD_EAGLENA
760,WORKORDER_AWRAV/0164_BEDFORD_EAGLENA
760,WORKORDER_AWRAF/0437_BEDFORD_EAGLENA
854,WORKORDER_AWRAF/1305_BEDFORD_EAGLENA
864,WORKORDER_AWRAF/1306_BEDFORD_EAGLENA
100,WORKORDER_AWRAF/1425_BEDFORD_EAGLENA
100,WORKORDER_AWRAF/1427_BEDFORD_EAGLENA
100,WORKORDER_AWRAF/1405_BEDFORD_EAGLENA
100,WORKORDER_AWRAF/0695_BEDFORD_EAGLENA
100,WORKORDER_AWRAF/1379_BEDFORD_EAGLENA
530,WORKORDER_AWRAF/0916_BEDFORD_EAGLENA
530,WORKORDER_AWRAF/0918_BEDFORD_EAGLENA
560,WORKORDER_AWRAF/0920_BEDFORD_EAGLENA
521,WORKORDER_AWRAF/1212_BEDFORD_EAGLENA
522,WORKORDER_AWRAF/1214_BEDFORD_EAGLENA
523,WORKORDER_AWRAF/1216_BEDFORD_EAGLENA
531,WORKORDER_AWRAF/1218_BEDFORD_EAGLENA
420,WORKORDER_AWRENG/0095_BEDFORD_EAGLENA
430,WORKORDER_AWRENG/0096_BEDFORD_EAGLENA
427,WORKORDER_AWRNDT/0026_BEDFORD_EAGLENA
428,WORKORDER_AWRNDT/0027_BEDFORD_EAGLENA
437,WORKORDER_AWRNDT/0028_BEDFORD_EAGLENA
438,WORKORDER_AWRNDT/0029_BEDFORD_EAGLENA
410,WORKORDER_AWRENG/0141_BEDFORD_EAGLENA
760,WORKORDER_AWRAF/0441_BEDFORD_EAGLENA
760,WORKORDER_AWRAF/0443_BEDFORD_EAGLENA
760,WORKORDER_AWRAF/0445_BEDFORD_EAGLENA
760,WORKORDER_AWRAF/0463_BEDFORD_EAGLENA
760,WORKORDER_AWRAF/0668_BEDFORD_EAGLENA
761,WORKORDER_AWRAF/1272_BEDFORD_EAGLENA
762,WORKORDER_AWRAF/1274_BEDFORD_EAGLENA
100,WORKORDER_AWRAF/1407_BEDFORD_EAGLENA
100,WORKORDER_AWRAF/1451_BEDFORD_EAGLENA
100,WORKORDER_AWRAF/0484_BEDFORD_EAGLENA
100,WORKORDER_AWRAF/0486_BEDFORD_EAGLENA
100,WORKORDER_AWRAF/0488_BEDFORD_EAGLENA
100,WORKORDER_AWRAF/0490_BEDFORD_EAGLENA
100,WORKORDER_AWRAF/1401_BEDFORD_EAGLENA
531,WORKORDER_AWRAF/1219_BEDFORD_EAGLENA
532,WORKORDER_AWRAF/1222_BEDFORD_EAGLENA
533,WORKORDER_AWRAF/1226_BEDFORD_EAGLENA
534,WORKORDER_AWRAF/1228_BEDFORD_EAGLENA
534,WORKORDER_AWRAF/1230_BEDFORD_EAGLENA
535,WORKORDER_AWRAF/1234_BEDFORD_EAGLENA
564,WORKORDER_AWRAF/1238_BEDFORD_EAGLENA
420,WORKORDER_AWRENG/0142_BEDFORD_EAGLENA
430,WORKORDER_AWRENG/0143_BEDFORD_EAGLENA
440,WORKORDER_AWRENG/0144_BEDFORD_EAGLENA
540,WORKORDER_AWRNDT/0022_BEDFORD_EAGLENA
640,WORKORDER_AWRNDT/0023_BEDFORD_EAGLENA
710,WORKORDER_AWRAF/0447_BEDFORD_EAGLENA
700,WORKORDER_AWRAF/0456_BEDFORD_EAGLENA
763,WORKORDER_AWRAF/1276_BEDFORD_EAGLENA
764,WORKORDER_AWRAF/1278_BEDFORD_EAGLENA
765,WORKORDER_AWRAF/1280_BEDFORD_EAGLENA
831,WORKORDER_AWRAF/0208_BEDFORD_EAGLENA
832,WORKORDER_AWRAF/0209_BEDFORD_EAGLENA
834,WORKORDER_AWRAF/0210_BEDFORD_EAGLENA
835,WORKORDER_AWRAF/0211_BEDFORD_EAGLENA
100,WORKORDER_AWRAF/1403_BEDFORD_EAGLENA
100,WORKORDER_AWRAF/0496_BEDFORD_EAGLENA
300,WORKORDER_AWRAF/1409_BEDFORD_EAGLENA
300,WORKORDER_AWRAF/1060_BEDFORD_EAGLENA
300,WORKORDER_AWRAF/1415_BEDFORD_EAGLENA
300,WORKORDER_AWRAF/1411_BEDFORD_EAGLENA
300,WORKORDER_AWRAF/1413_BEDFORD_EAGLENA
565,WORKORDER_AWRAF/1240_BEDFORD_EAGLENA
572,WORKORDER_AWRAF/1244_BEDFORD_EAGLENA
573,WORKORDER_AWRAF/1246_BEDFORD_EAGLENA
600,WORKORDER_AWRAF/0374_BEDFORD_EAGLENA
600,WORKORDER_AWRAF/0375_BEDFORD_EAGLENA
621,WORKORDER_AWRAF/0018_BEDFORD_EAGLENA
760,WORKORDER_AWRAF/0420_BEDFORD_EAGLENA
710,WORKORDER_AWRAF/0467_BEDFORD_EAGLENA
831,WORKORDER_AWRAF/0529_BEDFORD_EAGLENA
832,WORKORDER_AWRAF/0530_BEDFORD_EAGLENA
834,WORKORDER_AWRAF/0531_BEDFORD_EAGLENA
835,WORKORDER_AWRAF/0532_BEDFORD_EAGLENA
841,WORKORDER_AWRAF/0533_BEDFORD_EAGLENA
842,WORKORDER_AWRAF/0534_BEDFORD_EAGLENA
841,WORKORDER_AWRAF/0212_BEDFORD_EAGLENA
842,WORKORDER_AWRAF/0213_BEDFORD_EAGLENA
844,WORKORDER_AWRAF/0214_BEDFORD_EAGLENA
845,WORKORDER_AWRAF/0215_BEDFORD_EAGLENA
831,WORKORDER_AWRAF/0216_BEDFORD_EAGLENA
832,WORKORDER_AWRAF/0217_BEDFORD_EAGLENA
834,WORKORDER_AWRAF/0218_BEDFORD_EAGLENA
400,WORKORDER_AWRAF/1417_BEDFORD_EAGLENA
400,WORKORDER_AWRAF/1437_BEDFORD_EAGLENA
400,WORKORDER_AWRAF/1419_BEDFORD_EAGLENA
400,WORKORDER_AWRAF/1439_BEDFORD_EAGLENA
420,WORKORDER_AWRENG/0109_BEDFORD_EAGLENA
420,WORKORDER_AWRENG/0113_BEDFORD_EAGLENA
400,WORKORDER_AWRAF/1421_BEDFORD_EAGLENA
730,WORKORDER_AWRAF/0423_BEDFORD_EAGLENA
740,WORKORDER_AWRAF/0424_BEDFORD_EAGLENA
710,WORKORDER_AWRAF/0425_BEDFORD_EAGLENA
730,WORKORDER_AWRAF/0428_BEDFORD_EAGLENA
740,WORKORDER_AWRAF/0429_BEDFORD_EAGLENA
760,WORKORDER_AWRAF/0439_BEDFORD_EAGLENA
710,WORKORDER_AWRAF/0446_BEDFORD_EAGLENA
844,WORKORDER_AWRAF/0535_BEDFORD_EAGLENA
845,WORKORDER_AWRAF/0536_BEDFORD_EAGLENA
852,WORKORDER_AWRAF/0537_BEDFORD_EAGLENA
853,WORKORDER_AWRAF/0538_BEDFORD_EAGLENA
854,WORKORDER_AWRAF/0539_BEDFORD_EAGLENA
862,WORKORDER_AWRAF/0540_BEDFORD_EAGLENA
863,WORKORDER_AWRAF/0541_BEDFORD_EAGLENA
835,WORKORDER_AWRAF/0219_BEDFORD_EAGLENA
841,WORKORDER_AWRAF/0220_BEDFORD_EAGLENA
842,WORKORDER_AWRAF/0221_BEDFORD_EAGLENA
844,WORKORDER_AWRAF/0222_BEDFORD_EAGLENA
845,WORKORDER_AWRAF/0223_BEDFORD_EAGLENA
831,WORKORDER_AWRAF/0585_BEDFORD_EAGLENA
832,WORKORDER_AWRAF/0586_BEDFORD_EAGLENA
400,WORKORDER_AWRAF/1441_BEDFORD_EAGLENA
430,WORKORDER_AWRENG/0110_BEDFORD_EAGLENA
430,WORKORDER_AWRENG/0114_BEDFORD_EAGLENA
400,WORKORDER_AWRAF/1423_BEDFORD_EAGLENA
400,WORKORDER_AWRAF/1443_BEDFORD_EAGLENA
500,WORKORDER_AWRAF/1445_BEDFORD_EAGLENA
500,WORKORDER_AWRAF/1447_BEDFORD_EAGLENA
831,WORKORDER_AWRAF/0515_BEDFORD_EAGLENA
832,WORKORDER_AWRAF/0516_BEDFORD_EAGLENA
834,WORKORDER_AWRAF/0517_BEDFORD_EAGLENA
835,WORKORDER_AWRAF/0518_BEDFORD_EAGLENA
841,WORKORDER_AWRAF/0519_BEDFORD_EAGLENA
842,WORKORDER_AWRAF/0520_BEDFORD_EAGLENA
844,WORKORDER_AWRAF/0521_BEDFORD_EAGLENA
864,WORKORDER_AWRAF/0542_BEDFORD_EAGLENA
831,WORKORDER_AWRAF/0543_BEDFORD_EAGLENA
832,WORKORDER_AWRAF/0544_BEDFORD_EAGLENA
834,WORKORDER_AWRAF/0545_BEDFORD_EAGLENA
835,WORKORDER_AWRAF/0546_BEDFORD_EAGLENA
841,WORKORDER_AWRAF/0547_BEDFORD_EAGLENA
842,WORKORDER_AWRAF/0548_BEDFORD_EAGLENA
834,WORKORDER_AWRAF/0587_BEDFORD_EAGLENA
835,WORKORDER_AWRAF/0588_BEDFORD_EAGLENA
841,WORKORDER_AWRAF/0589_BEDFORD_EAGLENA
842,WORKORDER_AWRAF/0590_BEDFORD_EAGLENA
844,WORKORDER_AWRAF/0591_BEDFORD_EAGLENA
845,WORKORDER_AWRAF/0592_BEDFORD_EAGLENA
852,WORKORDER_AWRAF/0593_BEDFORD_EAGLENA
500,WORKORDER_AWRAF/1449_BEDFORD_EAGLENA
500,WORKORDER_AWRAF/1032_BEDFORD_EAGLENA
500,WORKORDER_AWRAF/1035_BEDFORD_EAGLENA
500,WORKORDER_AWRAF/1036_BEDFORD_EAGLENA
500,WORKORDER_AWRAF/1038_BEDFORD_EAGLENA
500,WORKORDER_AWRAF/1040_BEDFORD_EAGLENA
600,WORKORDER_AWRAF/1429_BEDFORD_EAGLENA
845,WORKORDER_AWRAF/0522_BEDFORD_EAGLENA
852,WORKORDER_AWRAF/0523_BEDFORD_EAGLENA
853,WORKORDER_AWRAF/0524_BEDFORD_EAGLENA
854,WORKORDER_AWRAF/0525_BEDFORD_EAGLENA
862,WORKORDER_AWRAF/0526_BEDFORD_EAGLENA
863,WORKORDER_AWRAF/0527_BEDFORD_EAGLENA
864,WORKORDER_AWRAF/0528_BEDFORD_EAGLENA
844,WORKORDER_AWRAF/0549_BEDFORD_EAGLENA
845,WORKORDER_AWRAF/0550_BEDFORD_EAGLENA
852,WORKORDER_AWRAF/0551_BEDFORD_EAGLENA
853,WORKORDER_AWRAF/0552_BEDFORD_EAGLENA
854,WORKORDER_AWRAF/0553_BEDFORD_EAGLENA
862,WORKORDER_AWRAF/0554_BEDFORD_EAGLENA
863,WORKORDER_AWRAF/0555_BEDFORD_EAGLENA
853,WORKORDER_AWRAF/0594_BEDFORD_EAGLENA
854,WORKORDER_AWRAF/0595_BEDFORD_EAGLENA
862,WORKORDER_AWRAF/0596_BEDFORD_EAGLENA
863,WORKORDER_AWRAF/0597_BEDFORD_EAGLENA
864,WORKORDER_AWRAF/0598_BEDFORD_EAGLENA
831,WORKORDER_AWRAF/0599_BEDFORD_EAGLENA
832,WORKORDER_AWRAF/0600_BEDFORD_EAGLENA
600,WORKORDER_AWRAF/1431_BEDFORD_EAGLENA
600,WORKORDER_AWRAF/1433_BEDFORD_EAGLENA
600,WORKORDER_AWRAF/1049_BEDFORD_EAGLENA
600,WORKORDER_AWRAF/1052_BEDFORD_EAGLENA
600,WORKORDER_AWRAF/1053_BEDFORD_EAGLENA
600,WORKORDER_AWRAF/1055_BEDFORD_EAGLENA
600,WORKORDER_AWRAF/1057_BEDFORD_EAGLENA
833,WORKORDER_AWRAF/0623_BEDFORD_EAGLENA
843,WORKORDER_AWRAF/0624_BEDFORD_EAGLENA
821,WORKORDER_AWRAF/0637_BEDFORD_EAGLENA
